ISO-10303-21;
HEADER;
FILE_DESCRIPTION (( 'STEP AP214' ),
    '1' );
FILE_NAME ('STTS22HTR.STEP',
    '2023-03-15T09:16:08',
    ( '' ),
    ( '' ),
    'SwSTEP 2.0',
    'SolidWorks 2021',
    '' );
FILE_SCHEMA (( 'AUTOMOTIVE_DESIGN' ));
ENDSEC;

DATA;
#1 = LINE ( 'NONE', #1836, #886 ) ;
#2 = CARTESIAN_POINT ( 'NONE',  ( -0.6000000000000003109, 0.09999999999999999167, -1.227527065317477452E-15 ) ) ;
#3 = CARTESIAN_POINT ( 'NONE',  ( -1.000000000000001776, 0.1000000000000000056, 0.5249999999999972466 ) ) ;
#4 = ADVANCED_FACE ( 'NONE', ( #1781 ), #1587, .F. ) ;
#5 = ORIENTED_EDGE ( 'NONE', *, *, #1687, .F. ) ;
#6 = ORIENTED_EDGE ( 'NONE', *, *, #916, .F. ) ;
#7 = EDGE_CURVE ( 'NONE', #1842, #656, #2649, .T. ) ;
#8 = DIRECTION ( 'NONE',  ( 0.000000000000000000, -1.000000000000000000, 0.000000000000000000 ) ) ;
#9 = VERTEX_POINT ( 'NONE', #1204 ) ;
#10 = CLOSED_SHELL ( 'NONE', ( #2583, #1629, #2102, #2552, #2300, #401, #213 ) ) ;
#11 = ORIENTED_EDGE ( 'NONE', *, *, #1344, .T. ) ;
#12 =( LENGTH_UNIT ( ) NAMED_UNIT ( * ) SI_UNIT ( .MILLI., .METRE. ) );
#13 = VERTEX_POINT ( 'NONE', #2450 ) ;
#14 = ORIENTED_EDGE ( 'NONE', *, *, #94, .T. ) ;
#15 = PLANE ( 'NONE',  #163 ) ;
#16 = PLANE ( 'NONE',  #2443 ) ;
#17 = ADVANCED_FACE ( 'NONE', ( #2041 ), #2262, .F. ) ;
#18 = EDGE_CURVE ( 'NONE', #1726, #2049, #2345, .T. ) ;
#19 = DIRECTION ( 'NONE',  ( -0.000000000000000000, -1.000000000000000000, 0.000000000000000000 ) ) ;
#20 = CARTESIAN_POINT ( 'NONE',  ( 0.9999999999999974465, 0.1000000000000000056, 0.7750000000000040190 ) ) ;
#21 = ADVANCED_FACE ( 'NONE', ( #1187 ), #575, .F. ) ;
#22 = SHAPE_DEFINITION_REPRESENTATION ( #2604, #1537 ) ;
#23 = ORIENTED_EDGE ( 'NONE', *, *, #1877, .T. ) ;
#24 = AXIS2_PLACEMENT_3D ( 'NONE', #2665, #326, #1895 ) ;
#25 = CARTESIAN_POINT ( 'NONE',  ( -1.000000000000002665, 0.000000000000000000, 0.7749999999999970246 ) ) ;
#26 = DIRECTION ( 'NONE',  ( 1.000000000000000000, 0.000000000000000000, 2.624119600854728625E-15 ) ) ;
#27 = EDGE_CURVE ( 'NONE', #1312, #2379, #2681, .T. ) ;
#28 = ORIENTED_EDGE ( 'NONE', *, *, #2709, .F. ) ;
#29 =( GEOMETRIC_REPRESENTATION_CONTEXT ( 3 ) GLOBAL_UNCERTAINTY_ASSIGNED_CONTEXT ( ( #968 ) ) GLOBAL_UNIT_ASSIGNED_CONTEXT ( ( #1566, #2427, #2195 ) ) REPRESENTATION_CONTEXT ( 'NONE', 'WORKASPACE' ) );
#30 = CARTESIAN_POINT ( 'NONE',  ( -0.9999999999999995559, 0.5716990566028298248, -0.1250000000000027478 ) ) ;
#31 = VECTOR ( 'NONE', #2372, 1000.000000000000000 ) ;
#32 = CARTESIAN_POINT ( 'NONE',  ( 0.3249999999999974576, 1.689024858207070379, 0.7250000000000011990 ) ) ;
#33 = ORIENTED_EDGE ( 'NONE', *, *, #422, .F. ) ;
#34 = LINE ( 'NONE', #1743, #1952 ) ;
#35 = ORIENTED_EDGE ( 'NONE', *, *, #2331, .T. ) ;
#36 = DIRECTION ( 'NONE',  ( 0.000000000000000000, 1.000000000000000000, 0.000000000000000000 ) ) ;
#37 = AXIS2_PLACEMENT_3D ( 'NONE', #1108, #51, #1761 ) ;
#38 = AXIS2_PLACEMENT_3D ( 'NONE', #120, #1182, #2483 ) ;
#39 = CARTESIAN_POINT ( 'NONE',  ( -0.7250000000000021982, 0.1000000000000000056, 0.6499999999999983569 ) ) ;
#40 = DIRECTION ( 'NONE',  ( 0.000000000000000000, -1.000000000000000000, 0.000000000000000000 ) ) ;
#41 = AXIS2_PLACEMENT_3D ( 'NONE', #2108, #1416, #1853 ) ;
#42 = ORIENTED_EDGE ( 'NONE', *, *, #2510, .T. ) ;
#43 = EDGE_LOOP ( 'NONE', ( #1839, #2694, #726, #2648, #2708 ) ) ;
#44 = EDGE_CURVE ( 'NONE', #2024, #1425, #2693, .T. ) ;
#45 = CARTESIAN_POINT ( 'NONE',  ( 1.000000000000001776, 0.09999999999999999167, -0.5249999999999959144 ) ) ;
#46 = VERTEX_POINT ( 'NONE', #772 ) ;
#47 = EDGE_CURVE ( 'NONE', #9, #1830, #2436, .T. ) ;
#48 = ORIENTED_EDGE ( 'NONE', *, *, #923, .F. ) ;
#49 = DIRECTION ( 'NONE',  ( 1.000000000000000000, 0.000000000000000000, 3.491481338843133355E-15 ) ) ;
#50 = CARTESIAN_POINT ( 'NONE',  ( -0.7249999999999999778, 0.09999999999999999167, -1.663962232672867938E-15 ) ) ;
#51 = DIRECTION ( 'NONE',  ( 0.000000000000000000, 1.000000000000000000, 0.000000000000000000 ) ) ;
#52 = DIRECTION ( 'NONE',  ( 0.000000000000000000, -1.000000000000000000, 0.000000000000000000 ) ) ;
#53 = ORIENTED_EDGE ( 'NONE', *, *, #2421, .F. ) ;
#54 = VECTOR ( 'NONE', #456, 1000.000000000000000 ) ;
#55 = VERTEX_POINT ( 'NONE', #1368 ) ;
#56 = VECTOR ( 'NONE', #982, 1000.000000000000000 ) ;
#57 = CARTESIAN_POINT ( 'NONE',  ( 1.000000000000000444, 0.5716990566028298248, -0.1249999999999957534 ) ) ;
#58 = VERTEX_POINT ( 'NONE', #722 ) ;
#59 = CARTESIAN_POINT ( 'NONE',  ( 1.000000000000000444, 0.000000000000000000, -0.1249999999999957534 ) ) ;
#60 = CARTESIAN_POINT ( 'NONE',  ( -0.9999999999999983347, 0.09999999999999999167, -0.5250000000000029088 ) ) ;
#61 = FACE_OUTER_BOUND ( 'NONE', #2520, .T. ) ;
#62 = DIRECTION ( 'NONE',  ( 0.000000000000000000, -1.000000000000000000, -0.000000000000000000 ) ) ;
#63 = ORIENTED_EDGE ( 'NONE', *, *, #944, .T. ) ;
#64 = DIRECTION ( 'NONE',  ( 1.000000000000000000, 0.000000000000000000, 5.068502680640230570E-15 ) ) ;
#65 = ORIENTED_EDGE ( 'NONE', *, *, #2750, .T. ) ;
#66 = LINE ( 'NONE', #1785, #2371 ) ;
#67 = ORIENTED_EDGE ( 'NONE', *, *, #1096, .T. ) ;
#68 = VERTEX_POINT ( 'NONE', #513 ) ;
#69 = AXIS2_PLACEMENT_3D ( 'NONE', #2730, #194, #1881 ) ;
#70 = CARTESIAN_POINT ( 'NONE',  ( 0.7249999999999999778, 0.1000000000000000056, 2.965004839655473062E-15 ) ) ;
#71 = CIRCLE ( 'NONE', #2274, 0.1277202477547841331 ) ;
#72 = CARTESIAN_POINT ( 'NONE',  ( 1.000000000000002665, 0.1000000000000000056, -0.7749999999999956923 ) ) ;
#73 = ORIENTED_EDGE ( 'NONE', *, *, #1015, .T. ) ;
#74 = EDGE_CURVE ( 'NONE', #1106, #1012, #2236, .T. ) ;
#75 = DIRECTION ( 'NONE',  ( -1.000000000000000000, 0.000000000000000000, -5.068502680640230570E-15 ) ) ;
#76 = DIRECTION ( 'NONE',  ( -3.274640904346032468E-15, 0.000000000000000000, 1.000000000000000000 ) ) ;
#77 = LINE ( 'NONE', #2199, #95 ) ;
#78 = EDGE_CURVE ( 'NONE', #2324, #1658, #314, .T. ) ;
#79 = AXIS2_PLACEMENT_3D ( 'NONE', #2002, #2700, #2064 ) ;
#80 = ORIENTED_EDGE ( 'NONE', *, *, #944, .F. ) ;
#81 = VECTOR ( 'NONE', #2220, 1000.000000000000000 ) ;
#82 = LINE ( 'NONE', #1574, #689 ) ;
#83 = VERTEX_POINT ( 'NONE', #756 ) ;
#84 = LINE ( 'NONE', #965, #2006 ) ;
#85 = ORIENTED_EDGE ( 'NONE', *, *, #2680, .F. ) ;
#86 = DIRECTION ( 'NONE',  ( -1.000000000000000000, 0.000000000000000000, -2.624119600854729019E-15 ) ) ;
#87 = CYLINDRICAL_SURFACE ( 'NONE', #278, 0.1249999999999996808 ) ;
#88 = CARTESIAN_POINT ( 'NONE',  ( -0.7249999999999999778, 0.000000000000000000, -1.663962232672867938E-15 ) ) ;
#89 = ORIENTED_EDGE ( 'NONE', *, *, #1810, .F. ) ;
#90 = EDGE_CURVE ( 'NONE', #1122, #1647, #82, .T. ) ;
#91 = LINE ( 'NONE', #782, #2307 ) ;
#92 = VERTEX_POINT ( 'NONE', #342 ) ;
#93 = FILL_AREA_STYLE_COLOUR ( '', #2592 ) ;
#94 = EDGE_CURVE ( 'NONE', #1432, #579, #91, .T. ) ;
#95 = VECTOR ( 'NONE', #1558, 1000.000000000000000 ) ;
#96 = CARTESIAN_POINT ( 'NONE',  ( 0.9999999999999974465, 0.09999999999999999167, 0.7750000000000040190 ) ) ;
#97 = DIRECTION ( 'NONE',  ( 0.000000000000000000, -1.000000000000000000, 0.000000000000000000 ) ) ;
#98 = ORIENTED_EDGE ( 'NONE', *, *, #841, .F. ) ;
#99 = AXIS2_PLACEMENT_3D ( 'NONE', #2607, #62, #1353 ) ;
#100 = FACE_OUTER_BOUND ( 'NONE', #2375, .T. ) ;
#101 = ORIENTED_EDGE ( 'NONE', *, *, #2308, .T. ) ;
#102 = DIRECTION ( 'NONE',  ( 0.000000000000000000, -1.000000000000000000, 0.000000000000000000 ) ) ;
#103 = DIRECTION ( 'NONE',  ( 1.000000000000000000, 0.000000000000000000, 5.068502680640230570E-15 ) ) ;
#104 = CARTESIAN_POINT ( 'NONE',  ( -0.7249999999999972022, 0.000000000000000000, -0.7750000000000016875 ) ) ;
#105 = DIRECTION ( 'NONE',  ( -1.000000000000000000, 0.000000000000000000, -1.914459997046036535E-15 ) ) ;
#106 = FACE_OUTER_BOUND ( 'NONE', #1283, .T. ) ;
#107 = ADVANCED_FACE ( 'NONE', ( #2026 ), #974, .T. ) ;
#108 = ADVANCED_FACE ( 'NONE', ( #1241 ), #2539, .T. ) ;
#109 = ORIENTED_EDGE ( 'NONE', *, *, #78, .T. ) ;
#110 = ORIENTED_EDGE ( 'NONE', *, *, #1239, .T. ) ;
#111 = DIRECTION ( 'NONE',  ( -3.491481338843133355E-15, 0.000000000000000000, 1.000000000000000000 ) ) ;
#112 = CARTESIAN_POINT ( 'NONE',  ( -1.000000000000003553, 0.5500000000000001554, 0.9999999999999965583 ) ) ;
#113 = EDGE_CURVE ( 'NONE', #976, #1451, #1260, .T. ) ;
#114 = CARTESIAN_POINT ( 'NONE',  ( -1.000000000000003553, 0.05000000000000000278, 0.9999999999999965583 ) ) ;
#115 = VERTEX_POINT ( 'NONE', #834 ) ;
#116 = DIRECTION ( 'NONE',  ( 0.000000000000000000, -1.000000000000000000, 0.000000000000000000 ) ) ;
#117 = ORIENTED_EDGE ( 'NONE', *, *, #1405, .T. ) ;
#118 = DIRECTION ( 'NONE',  ( 0.000000000000000000, -1.000000000000000000, 0.000000000000000000 ) ) ;
#119 = AXIS2_PLACEMENT_3D ( 'NONE', #1814, #2281, #2469 ) ;
#120 = CARTESIAN_POINT ( 'NONE',  ( 0.7250000000000017542, 0.1000000000000000056, -0.5249999999999973577 ) ) ;
#121 = PLANE ( 'NONE',  #2118 ) ;
#122 = LINE ( 'NONE', #1228, #1386 ) ;
#123 = AXIS2_PLACEMENT_3D ( 'NONE', #2293, #1866, #374 ) ;
#124 = DIRECTION ( 'NONE',  ( -1.000000000000000000, 0.000000000000000000, -3.469446951953622866E-15 ) ) ;
#125 = ORIENTED_EDGE ( 'NONE', *, *, #1976, .T. ) ;
#126 = AXIS2_PLACEMENT_3D ( 'NONE', #290, #734, #1582 ) ;
#127 = CARTESIAN_POINT ( 'NONE',  ( -0.7249999999999995337, 0.000000000000000000, -0.1250000000000017764 ) ) ;
#128 = EDGE_LOOP ( 'NONE', ( #2437, #1150, #1253, #1174, #2511 ) ) ;
#129 = EDGE_CURVE ( 'NONE', #2395, #2358, #1459, .T. ) ;
#130 = PLANE ( 'NONE',  #2749 ) ;
#131 = EDGE_CURVE ( 'NONE', #195, #1097, #2704, .T. ) ;
#132 = PLANE ( 'NONE',  #1029 ) ;
#133 = DIRECTION ( 'NONE',  ( -1.000000000000000000, 0.000000000000000000, -3.274640904346032468E-15 ) ) ;
#134 = DIRECTION ( 'NONE',  ( -1.000000000000000000, 0.000000000000000000, -3.684228391729445605E-15 ) ) ;
#135 = CARTESIAN_POINT ( 'NONE',  ( -0.1249999999999966138, 1.689024858207070379, -0.7250000000000000888 ) ) ;
#136 = EDGE_CURVE ( 'NONE', #488, #1176, #1448, .T. ) ;
#137 = LINE ( 'NONE', #2501, #1645 ) ;
#138 = ORIENTED_EDGE ( 'NONE', *, *, #1408, .F. ) ;
#139 = LINE ( 'NONE', #1983, #1289 ) ;
#140 = ADVANCED_FACE ( 'NONE', ( #419 ), #1850, .F. ) ;
#141 = LINE ( 'NONE', #1829, #617 ) ;
#142 = ORIENTED_EDGE ( 'NONE', *, *, #1149, .F. ) ;
#143 = EDGE_CURVE ( 'NONE', #1893, #1702, #1898, .T. ) ;
#144 = LINE ( 'NONE', #2697, #2614 ) ;
#145 = ORIENTED_EDGE ( 'NONE', *, *, #1906, .F. ) ;
#146 = AXIS2_PLACEMENT_3D ( 'NONE', #2662, #752, #1600 ) ;
#147 = DIRECTION ( 'NONE',  ( 3.491481338843133355E-15, 0.000000000000000000, -1.000000000000000000 ) ) ;
#148 = DIRECTION ( 'NONE',  ( 1.000000000000000000, 0.000000000000000000, 3.395552988801315578E-15 ) ) ;
#149 = VECTOR ( 'NONE', #2332, 1000.000000000000000 ) ;
#150 = LINE ( 'NONE', #1424, #1954 ) ;
#151 = ADVANCED_FACE ( 'NONE', ( #2117 ), #2317, .F. ) ;
#152 = CARTESIAN_POINT ( 'NONE',  ( -0.7249999999999980904, 0.09999999999999999167, -0.5250000000000023537 ) ) ;
#153 = ORIENTED_EDGE ( 'NONE', *, *, #7, .F. ) ;
#154 = DIRECTION ( 'NONE',  ( 1.000000000000000000, 0.000000000000000000, 3.491481338843133355E-15 ) ) ;
#155 = ORIENTED_EDGE ( 'NONE', *, *, #44, .F. ) ;
#156 = CARTESIAN_POINT ( 'NONE',  ( -0.6000000000000003109, 0.5716990566028298248, -1.227527065317477452E-15 ) ) ;
#157 = AXIS2_PLACEMENT_3D ( 'NONE', #1736, #2611, #1547 ) ;
#158 = ORIENTED_EDGE ( 'NONE', *, *, #1796, .F. ) ;
#159 = PLANE ( 'NONE',  #2409 ) ;
#160 = VECTOR ( 'NONE', #901, 1000.000000000000000 ) ;
#161 = CARTESIAN_POINT ( 'NONE',  ( -0.7249999999999976463, 0.1000000000000000056, -0.6500000000000015765 ) ) ;
#162 = DIRECTION ( 'NONE',  ( -0.000000000000000000, -1.000000000000000000, 0.000000000000000000 ) ) ;
#163 = AXIS2_PLACEMENT_3D ( 'NONE', #1759, #36, #1553 ) ;
#164 = LINE ( 'NONE', #823, #643 ) ;
#165 = DIRECTION ( 'NONE',  ( 1.000000000000000000, 0.000000000000000000, 3.491481338843133355E-15 ) ) ;
#166 = VERTEX_POINT ( 'NONE', #2090 ) ;
#167 = VECTOR ( 'NONE', #220, 1000.000000000000000 ) ;
#168 = AXIS2_PLACEMENT_3D ( 'NONE', #532, #1387, #505 ) ;
#169 = CARTESIAN_POINT ( 'NONE',  ( -1.000000000000000444, 0.1000000000000000056, 0.1249999999999970440 ) ) ;
#170 = VERTEX_POINT ( 'NONE', #1044 ) ;
#171 = FACE_OUTER_BOUND ( 'NONE', #244, .T. ) ;
#172 = CYLINDRICAL_SURFACE ( 'NONE', #2654, 0.1249999999999996808 ) ;
#173 = CARTESIAN_POINT ( 'NONE',  ( -0.1249999999999966138, 1.689024858207070379, -0.7250000000000000888 ) ) ;
#174 = DIRECTION ( 'NONE',  ( 3.491481338843133355E-15, 0.000000000000000000, -1.000000000000000000 ) ) ;
#175 = CARTESIAN_POINT ( 'NONE',  ( 1.000000000000002665, 0.09999999999999999167, -0.7749999999999956923 ) ) ;
#176 = ORIENTED_EDGE ( 'NONE', *, *, #346, .F. ) ;
#177 = FILL_AREA_STYLE_COLOUR ( '', #1206 ) ;
#178 = EDGE_LOOP ( 'NONE', ( #2122, #1373, #1210, #1308 ) ) ;
#179 = PLANE ( 'NONE',  #1382 ) ;
#180 = EDGE_CURVE ( 'NONE', #1712, #1305, #2714, .T. ) ;
#181 = AXIS2_PLACEMENT_3D ( 'NONE', #860, #1665, #1457 ) ;
#182 = DIRECTION ( 'NONE',  ( 0.000000000000000000, -1.000000000000000000, 0.000000000000000000 ) ) ;
#183 = CIRCLE ( 'NONE', #469, 0.1249999999999996808 ) ;
#184 = CARTESIAN_POINT ( 'NONE',  ( -0.7249999999999976463, 0.1000000000000000056, -0.6500000000000015765 ) ) ;
#185 = VECTOR ( 'NONE', #1413, 1000.000000000000000 ) ;
#186 = LINE ( 'NONE', #1056, #1863 ) ;
#187 = EDGE_CURVE ( 'NONE', #2263, #1445, #2080, .T. ) ;
#188 = DIRECTION ( 'NONE',  ( -1.000000000000000000, 0.000000000000000000, -3.469446951953622866E-15 ) ) ;
#189 = DIRECTION ( 'NONE',  ( 0.000000000000000000, -1.000000000000000000, 0.000000000000000000 ) ) ;
#190 = ORIENTED_EDGE ( 'NONE', *, *, #2423, .T. ) ;
#191 = EDGE_CURVE ( 'NONE', #2143, #861, #796, .T. ) ;
#192 = SURFACE_STYLE_USAGE ( .BOTH. , #1741 ) ;
#193 = LINE ( 'NONE', #2376, #492 ) ;
#194 = DIRECTION ( 'NONE',  ( 0.000000000000000000, -1.000000000000000000, 0.000000000000000000 ) ) ;
#195 = VERTEX_POINT ( 'NONE', #1018 ) ;
#196 = CARTESIAN_POINT ( 'NONE',  ( -0.6000000000000025313, 0.1000000000000000056, 0.6499999999999988010 ) ) ;
#197 = DIRECTION ( 'NONE',  ( 0.000000000000000000, -1.000000000000000000, -0.000000000000000000 ) ) ;
#198 = ORIENTED_EDGE ( 'NONE', *, *, #1157, .F. ) ;
#199 = VECTOR ( 'NONE', #162, 1000.000000000000000 ) ;
#200 = CARTESIAN_POINT ( 'NONE',  ( 1.000000000000002665, 0.05000000000000000278, -0.7749999999999956923 ) ) ;
#201 = AXIS2_PLACEMENT_3D ( 'NONE', #2707, #2250, #2492 ) ;
#202 = ORIENTED_EDGE ( 'NONE', *, *, #435, .T. ) ;
#203 = FACE_OUTER_BOUND ( 'NONE', #476, .T. ) ;
#204 = VECTOR ( 'NONE', #368, 1000.000000000000000 ) ;
#205 = VECTOR ( 'NONE', #2198, 1000.000000000000000 ) ;
#206 = VERTEX_POINT ( 'NONE', #1485 ) ;
#207 = CARTESIAN_POINT ( 'NONE',  ( -1.000000000000003553, 3.928427124746190824, 0.9999999999999965583 ) ) ;
#208 = STYLED_ITEM ( 'NONE', ( #1475 ), #1267 ) ;
#209 = CARTESIAN_POINT ( 'NONE',  ( 1.000000000000000444, 0.1000000000000000056, -0.1249999999999957534 ) ) ;
#210 = EDGE_LOOP ( 'NONE', ( #2355, #109, #1453, #1008 ) ) ;
#211 = LINE ( 'NONE', #1696, #438 ) ;
#212 = AXIS2_PLACEMENT_3D ( 'NONE', #2631, #451, #1569 ) ;
#213 = ADVANCED_FACE ( 'NONE', ( #1885 ), #2717, .F. ) ;
#214 = EDGE_CURVE ( 'NONE', #2588, #1419, #186, .T. ) ;
#215 = LINE ( 'NONE', #2590, #311 ) ;
#216 = EDGE_CURVE ( 'NONE', #2040, #83, #1675, .T. ) ;
#217 = DIRECTION ( 'NONE',  ( 1.000000000000000000, 0.000000000000000000, 3.491481338843133355E-15 ) ) ;
#218 = ORIENTED_EDGE ( 'NONE', *, *, #343, .F. ) ;
#219 = ORIENTED_EDGE ( 'NONE', *, *, #1513, .F. ) ;
#220 = DIRECTION ( 'NONE',  ( -3.684228391729445605E-15, 0.000000000000000000, 1.000000000000000000 ) ) ;
#221 = EDGE_CURVE ( 'NONE', #998, #1122, #137, .T. ) ;
#222 = DIRECTION ( 'NONE',  ( 0.000000000000000000, -1.000000000000000000, 0.000000000000000000 ) ) ;
#223 = FACE_OUTER_BOUND ( 'NONE', #686, .T. ) ;
#224 = VERTEX_POINT ( 'NONE', #589 ) ;
#225 = LINE ( 'NONE', #1088, #2753 ) ;
#226 = ADVANCED_FACE ( 'NONE', ( #1437 ), #2289, .F. ) ;
#227 = LINE ( 'NONE', #1907, #331 ) ;
#228 = ORIENTED_EDGE ( 'NONE', *, *, #1679, .F. ) ;
#229 = DIRECTION ( 'NONE',  ( 0.000000000000000000, 1.000000000000000000, 0.000000000000000000 ) ) ;
#230 = DIRECTION ( 'NONE',  ( 1.000000000000000000, 0.000000000000000000, 3.469446951953622866E-15 ) ) ;
#231 = VECTOR ( 'NONE', #660, 1000.000000000000000 ) ;
#232 = EDGE_CURVE ( 'NONE', #579, #987, #1356, .T. ) ;
#233 = DIRECTION ( 'NONE',  ( 1.000000000000000000, 0.000000000000000000, 0.000000000000000000 ) ) ;
#234 = ORIENTED_EDGE ( 'NONE', *, *, #2715, .T. ) ;
#235 = AXIS2_PLACEMENT_3D ( 'NONE', #1957, #2399, #230 ) ;
#236 = CARTESIAN_POINT ( 'NONE',  ( -0.7250000000000026423, 0.05000000000000000278, 0.7749999999999980238 ) ) ;
#237 = ORIENTED_EDGE ( 'NONE', *, *, #448, .F. ) ;
#238 = VERTEX_POINT ( 'NONE', #1764 ) ;
#239 = PLANE ( 'NONE',  #2368 ) ;
#240 = CARTESIAN_POINT ( 'NONE',  ( 0.2000000000000027311, 0.1000000000000000472, -0.7249999999999989786 ) ) ;
#241 = FILL_AREA_STYLE_COLOUR ( '', #253 ) ;
#242 = ORIENTED_EDGE ( 'NONE', *, *, #1157, .T. ) ;
#243 = DIRECTION ( 'NONE',  ( 0.000000000000000000, -1.000000000000000000, 0.000000000000000000 ) ) ;
#244 = EDGE_LOOP ( 'NONE', ( #811, #2346, #1908, #234 ) ) ;
#245 = DIRECTION ( 'NONE',  ( -1.000000000000000000, 0.000000000000000000, -1.914459997046036140E-15 ) ) ;
#246 = FACE_OUTER_BOUND ( 'NONE', #2133, .T. ) ;
#247 = ORIENTED_EDGE ( 'NONE', *, *, #1674, .T. ) ;
#248 = COLOUR_RGB ( '',0.7960784313725489669, 0.8235294117647058432, 0.9372549019607843146 ) ;
#249 = PRODUCT ( 'STTS22HTR', 'STTS22HTR', '', ( #1939 ) ) ;
#250 = EDGE_CURVE ( 'NONE', #693, #92, #913, .T. ) ;
#251 = MECHANICAL_DESIGN_GEOMETRIC_PRESENTATION_REPRESENTATION (  '', ( #1243 ), #394 ) ;
#252 = VERTEX_POINT ( 'NONE', #1941 ) ;
#253 = COLOUR_RGB ( '',0.7960784313725489669, 0.8235294117647058432, 0.9372549019607843146 ) ;
#254 = DIRECTION ( 'NONE',  ( 0.000000000000000000, -1.000000000000000000, 0.000000000000000000 ) ) ;
#255 = AXIS2_PLACEMENT_3D ( 'NONE', #161, #1483, #1875 ) ;
#256 = ORIENTED_EDGE ( 'NONE', *, *, #2003, .F. ) ;
#257 = PLANE ( 'NONE',  #1902 ) ;
#258 = ORIENTED_EDGE ( 'NONE', *, *, #937, .F. ) ;
#259 = FACE_OUTER_BOUND ( 'NONE', #567, .T. ) ;
#260 = DIRECTION ( 'NONE',  ( -1.000000000000000000, 0.000000000000000000, -3.395552988801315578E-15 ) ) ;
#261 = CIRCLE ( 'NONE', #126, 0.1277202477547841331 ) ;
#262 = FACE_OUTER_BOUND ( 'NONE', #2233, .T. ) ;
#263 = DIRECTION ( 'NONE',  ( -0.000000000000000000, -1.000000000000000000, -0.000000000000000000 ) ) ;
#264 = VERTEX_POINT ( 'NONE', #25 ) ;
#265 = EDGE_LOOP ( 'NONE', ( #2128, #325, #1500, #2015 ) ) ;
#266 = ORIENTED_EDGE ( 'NONE', *, *, #440, .T. ) ;
#267 = DIRECTION ( 'NONE',  ( -1.000000000000000000, 0.000000000000000000, -1.914459997046036140E-15 ) ) ;
#268 = ORIENTED_EDGE ( 'NONE', *, *, #1917, .T. ) ;
#269 = ORIENTED_EDGE ( 'NONE', *, *, #2088, .T. ) ;
#270 = FACE_OUTER_BOUND ( 'NONE', #178, .T. ) ;
#271 = CARTESIAN_POINT ( 'NONE',  ( 0.9999999999999995559, 0.5716990566028298248, 0.1250000000000040523 ) ) ;
#272 = ADVANCED_FACE ( 'NONE', ( #1081 ), #688, .F. ) ;
#273 = CARTESIAN_POINT ( 'NONE',  ( 0.7249999999999995337, 0.1000000000000000056, 0.1250000000000026368 ) ) ;
#274 = FACE_OUTER_BOUND ( 'NONE', #2168, .T. ) ;
#275 = ORIENTED_EDGE ( 'NONE', *, *, #2687, .F. ) ;
#276 = CARTESIAN_POINT ( 'NONE',  ( -0.1249999999999966138, 1.689024858207070379, -0.7250000000000000888 ) ) ;
#277 = ORIENTED_EDGE ( 'NONE', *, *, #2021, .T. ) ;
#278 = AXIS2_PLACEMENT_3D ( 'NONE', #2677, #736, #1617 ) ;
#279 = EDGE_LOOP ( 'NONE', ( #989, #1751, #80, #142 ) ) ;
#280 = EDGE_CURVE ( 'NONE', #1830, #2522, #484, .T. ) ;
#281 = DIRECTION ( 'NONE',  ( 1.000000000000000000, 0.000000000000000000, 2.624119600854729019E-15 ) ) ;
#282 = CLOSED_SHELL ( 'NONE', ( #739, #2488, #21, #793, #1813, #1644, #1436 ) ) ;
#283 = VERTEX_POINT ( 'NONE', #893 ) ;
#284 = DIRECTION ( 'NONE',  ( 0.000000000000000000, -1.000000000000000000, 0.000000000000000000 ) ) ;
#285 = ORIENTED_EDGE ( 'NONE', *, *, #129, .T. ) ;
#286 = FACE_OUTER_BOUND ( 'NONE', #279, .T. ) ;
#287 = EDGE_CURVE ( 'NONE', #1419, #1129, #2190, .T. ) ;
#288 = LINE ( 'NONE', #1403, #1911 ) ;
#289 = VERTEX_POINT ( 'NONE', #1973 ) ;
#290 = CARTESIAN_POINT ( 'NONE',  ( -0.7322777255331893720, 0.4500000000000000666, -0.7156693573399769415 ) ) ;
#291 = PLANE ( 'NONE',  #1091 ) ;
#292 = APPLICATION_PROTOCOL_DEFINITION ( 'draft international standard', 'automotive_design', 1998, #2318 ) ;
#293 = ORIENTED_EDGE ( 'NONE', *, *, #1078, .F. ) ;
#294 = CARTESIAN_POINT ( 'NONE',  ( 0.2000000000000027311, 0.1000000000000000472, -0.7249999999999989786 ) ) ;
#295 = ORIENTED_EDGE ( 'NONE', *, *, #2560, .F. ) ;
#296 = UNCERTAINTY_MEASURE_WITH_UNIT (LENGTH_MEASURE( 1.000000000000000082E-05 ), #338, 'distance_accuracy_value', 'NONE');
#297 = CARTESIAN_POINT ( 'NONE',  ( -0.7249999999999995337, 0.1000000000000000056, -0.1250000000000017764 ) ) ;
#298 = LINE ( 'NONE', #1166, #1211 ) ;
#299 = ORIENTED_EDGE ( 'NONE', *, *, #2107, .F. ) ;
#300 =( GEOMETRIC_REPRESENTATION_CONTEXT ( 3 ) GLOBAL_UNCERTAINTY_ASSIGNED_CONTEXT ( ( #303 ) ) GLOBAL_UNIT_ASSIGNED_CONTEXT ( ( #475, #2205, #1330 ) ) REPRESENTATION_CONTEXT ( 'NONE', 'WORKASPACE' ) );
#301 = MECHANICAL_DESIGN_GEOMETRIC_PRESENTATION_REPRESENTATION (  '', ( #353 ), #1114 ) ;
#302 = ORIENTED_EDGE ( 'NONE', *, *, #1595, .F. ) ;
#303 = UNCERTAINTY_MEASURE_WITH_UNIT (LENGTH_MEASURE( 1.000000000000000082E-05 ), #475, 'distance_accuracy_value', 'NONE');
#304 = VECTOR ( 'NONE', #1664, 1000.000000000000000 ) ;
#305 = ADVANCED_FACE ( 'NONE', ( #359 ), #2234, .T. ) ;
#306 = CARTESIAN_POINT ( 'NONE',  ( 4.364351673553890070E-16, 0.05000000000000000278, -0.1249999999999992506 ) ) ;
#307 = EDGE_CURVE ( 'NONE', #1146, #2084, #2743, .T. ) ;
#308 = ADVANCED_FACE ( 'NONE', ( #2339 ), #925, .F. ) ;
#309 = DIRECTION ( 'NONE',  ( 1.000000000000000000, 0.000000000000000000, 2.624119600854728625E-15 ) ) ;
#310 = PLANE ( 'NONE',  #1606 ) ;
#311 = VECTOR ( 'NONE', #1080, 1000.000000000000000 ) ;
#312 = EDGE_LOOP ( 'NONE', ( #2401, #2480, #1189, #1884 ) ) ;
#313 =( GEOMETRIC_REPRESENTATION_CONTEXT ( 3 ) GLOBAL_UNCERTAINTY_ASSIGNED_CONTEXT ( ( #2012 ) ) GLOBAL_UNIT_ASSIGNED_CONTEXT ( ( #316, #1766, #964 ) ) REPRESENTATION_CONTEXT ( 'NONE', 'WORKASPACE' ) );
#314 = LINE ( 'NONE', #294, #185 ) ;
#315 = ORIENTED_EDGE ( 'NONE', *, *, #1777, .T. ) ;
#316 =( LENGTH_UNIT ( ) NAMED_UNIT ( * ) SI_UNIT ( .MILLI., .METRE. ) );
#317 = CARTESIAN_POINT ( 'NONE',  ( -0.9999999999999974465, 0.5716990566028298248, -0.7750000000000026867 ) ) ;
#318 = ORIENTED_EDGE ( 'NONE', *, *, #2715, .F. ) ;
#319 = CARTESIAN_POINT ( 'NONE',  ( -0.7249999999999995337, 0.5716990566028298248, -0.1250000000000017764 ) ) ;
#320 = EDGE_CURVE ( 'NONE', #2373, #526, #1079, .T. ) ;
#321 =( LENGTH_UNIT ( ) NAMED_UNIT ( * ) SI_UNIT ( .MILLI., .METRE. ) );
#322 = CARTESIAN_POINT ( 'NONE',  ( -0.6000000000000025313, 0.09999999999999999167, 0.6499999999999988010 ) ) ;
#323 = DIRECTION ( 'NONE',  ( 3.274640904346032468E-15, 0.000000000000000000, -1.000000000000000000 ) ) ;
#324 = DIRECTION ( 'NONE',  ( 0.000000000000000000, 1.000000000000000000, 0.000000000000000000 ) ) ;
#325 = ORIENTED_EDGE ( 'NONE', *, *, #2397, .F. ) ;
#326 = DIRECTION ( 'NONE',  ( 5.068502680640230570E-15, 0.000000000000000000, -1.000000000000000000 ) ) ;
#327 = EDGE_CURVE ( 'NONE', #289, #669, #1713, .T. ) ;
#328 = CARTESIAN_POINT ( 'NONE',  ( -0.7250000000000026423, 0.1000000000000000056, 0.7749999999999975797 ) ) ;
#329 = ORIENTED_EDGE ( 'NONE', *, *, #214, .T. ) ;
#330 =( LENGTH_UNIT ( ) NAMED_UNIT ( * ) SI_UNIT ( .MILLI., .METRE. ) );
#331 = VECTOR ( 'NONE', #2367, 1000.000000000000000 ) ;
#332 = DIRECTION ( 'NONE',  ( 0.000000000000000000, -1.000000000000000000, 0.000000000000000000 ) ) ;
#333 = EDGE_LOOP ( 'NONE', ( #2155, #1019, #1237, #2465 ) ) ;
#334 = AXIS2_PLACEMENT_3D ( 'NONE', #570, #1180, #2033 ) ;
#335 = CLOSED_SHELL ( 'NONE', ( #1607, #308, #2650, #1891, #1279, #226 ) ) ;
#336 = CARTESIAN_POINT ( 'NONE',  ( -0.9999999999999983347, 0.5716990566028298248, -0.5250000000000029088 ) ) ;
#337 = CARTESIAN_POINT ( 'NONE',  ( 0.7249999999999980904, 0.000000000000000000, 0.5250000000000032419 ) ) ;
#338 =( LENGTH_UNIT ( ) NAMED_UNIT ( * ) SI_UNIT ( .MILLI., .METRE. ) );
#339 = PLANE ( 'NONE',  #854 ) ;
#340 = EDGE_CURVE ( 'NONE', #2031, #941, #1202, .T. ) ;
#341 = CARTESIAN_POINT ( 'NONE',  ( -0.7249999999999976463, 0.5716990566028298248, -0.6500000000000015765 ) ) ;
#342 = CARTESIAN_POINT ( 'NONE',  ( 0.7249999999999972022, 0.05000000000000000278, 0.7750000000000025757 ) ) ;
#343 = EDGE_CURVE ( 'NONE', #1597, #46, #2415, .T. ) ;
#344 = ORIENTED_EDGE ( 'NONE', *, *, #851, .T. ) ;
#345 = ADVANCED_FACE ( 'NONE', ( #480 ), #1092, .F. ) ;
#346 = EDGE_CURVE ( 'NONE', #797, #1301, #1555, .T. ) ;
#347 = CARTESIAN_POINT ( 'NONE',  ( -0.7250000000000021982, 0.1000000000000000056, 0.6499999999999983569 ) ) ;
#348 = CARTESIAN_POINT ( 'NONE',  ( -0.7250000000000021982, 0.1000000000000000056, 0.6499999999999983569 ) ) ;
#349 = ORIENTED_EDGE ( 'NONE', *, *, #559, .T. ) ;
#350 = AXIS2_PLACEMENT_3D ( 'NONE', #2212, #733, #1581 ) ;
#351 = VECTOR ( 'NONE', #1787, 1000.000000000000000 ) ;
#352 = CARTESIAN_POINT ( 'NONE',  ( -0.7249999999999980904, 0.05000000000000000278, -0.5250000000000019096 ) ) ;
#353 = STYLED_ITEM ( 'NONE', ( #2575 ), #1537 ) ;
#354 = PLANE ( 'NONE',  #79 ) ;
#355 = MANIFOLD_SOLID_BREP ( 'Body-Move/Copy1[9]', #335 ) ;
#356 = LINE ( 'NONE', #2230, #2034 ) ;
#357 = CARTESIAN_POINT ( 'NONE',  ( 0.9999999999999974465, 0.000000000000000000, 0.7750000000000040190 ) ) ;
#358 = VECTOR ( 'NONE', #1137, 1000.000000000000000 ) ;
#359 = FACE_OUTER_BOUND ( 'NONE', #1145, .T. ) ;
#360 = DIRECTION ( 'NONE',  ( -3.491481338843133355E-15, 0.000000000000000000, 1.000000000000000000 ) ) ;
#361 = ORIENTED_EDGE ( 'NONE', *, *, #2207, .T. ) ;
#362 = AXIS2_PLACEMENT_3D ( 'NONE', #1198, #969, #1422 ) ;
#363 = EDGE_CURVE ( 'NONE', #1586, #998, #1, .T. ) ;
#364 = DIRECTION ( 'NONE',  ( -1.000000000000000000, 0.000000000000000000, -5.068502680640230570E-15 ) ) ;
#365 = LINE ( 'NONE', #317, #2139 ) ;
#366 = EDGE_LOOP ( 'NONE', ( #915, #1484, #869, #2756 ) ) ;
#367 = DIRECTION ( 'NONE',  ( 0.000000000000000000, 1.000000000000000000, 0.000000000000000000 ) ) ;
#368 = DIRECTION ( 'NONE',  ( 3.491481338843133355E-15, 0.000000000000000000, -1.000000000000000000 ) ) ;
#369 = CARTESIAN_POINT ( 'NONE',  ( -0.7322777255331893720, 0.5500000000000000444, -0.7156693573399769415 ) ) ;
#370 = DIRECTION ( 'NONE',  ( 0.000000000000000000, -1.000000000000000000, 0.000000000000000000 ) ) ;
#371 = DIRECTION ( 'NONE',  ( 0.000000000000000000, -1.000000000000000000, 0.000000000000000000 ) ) ;
#372 = VERTEX_POINT ( 'NONE', #766 ) ;
#373 = DIRECTION ( 'NONE',  ( 1.000000000000000000, 0.000000000000000000, 3.469446951953622866E-15 ) ) ;
#374 = DIRECTION ( 'NONE',  ( 1.000000000000000000, 0.000000000000000000, 3.491481338843133355E-15 ) ) ;
#375 = ORIENTED_EDGE ( 'NONE', *, *, #280, .F. ) ;
#376 = CARTESIAN_POINT ( 'NONE',  ( 0.9999999999999983347, 0.05000000000000000278, 0.5250000000000042411 ) ) ;
#377 = ORIENTED_EDGE ( 'NONE', *, *, #407, .T. ) ;
#378 = VECTOR ( 'NONE', #391, 1000.000000000000000 ) ;
#379 = EDGE_CURVE ( 'NONE', #46, #976, #1945, .T. ) ;
#380 = LINE ( 'NONE', #1465, #531 ) ;
#381 = DIRECTION ( 'NONE',  ( -0.000000000000000000, -1.000000000000000000, 0.000000000000000000 ) ) ;
#382 = DIRECTION ( 'NONE',  ( 0.000000000000000000, 1.000000000000000000, 0.000000000000000000 ) ) ;
#383 = FACE_OUTER_BOUND ( 'NONE', #1809, .T. ) ;
#384 = DIRECTION ( 'NONE',  ( 1.000000000000000000, 0.000000000000000000, 3.491481338843133355E-15 ) ) ;
#385 = EDGE_LOOP ( 'NONE', ( #1325, #2072, #818, #2282 ) ) ;
#386 = FACE_OUTER_BOUND ( 'NONE', #2388, .T. ) ;
#387 = AXIS2_PLACEMENT_3D ( 'NONE', #271, #1525, #1319 ) ;
#388 = ORIENTED_EDGE ( 'NONE', *, *, #320, .F. ) ;
#389 = ADVANCED_FACE ( 'NONE', ( #2446 ), #938, .F. ) ;
#390 = PRESENTATION_LAYER_ASSIGNMENT (  '', '', ( #580 ) ) ;
#391 = DIRECTION ( 'NONE',  ( -0.000000000000000000, -1.000000000000000000, 0.000000000000000000 ) ) ;
#392 = PLANE ( 'NONE',  #255 ) ;
#393 = DIRECTION ( 'NONE',  ( -1.000000000000000000, 0.000000000000000000, -3.491481338843133355E-15 ) ) ;
#394 =( GEOMETRIC_REPRESENTATION_CONTEXT ( 3 ) GLOBAL_UNCERTAINTY_ASSIGNED_CONTEXT ( ( #963 ) ) GLOBAL_UNIT_ASSIGNED_CONTEXT ( ( #831, #842, #597 ) ) REPRESENTATION_CONTEXT ( 'NONE', 'WORKASPACE' ) );
#395 = LINE ( 'NONE', #1306, #2301 ) ;
#396 = VERTEX_POINT ( 'NONE', #1790 ) ;
#397 = AXIS2_PLACEMENT_3D ( 'NONE', #2768, #2568, #652 ) ;
#398 = MANIFOLD_SOLID_BREP ( 'Body-Move/Copy1[1]', #875 ) ;
#399 = ADVANCED_FACE ( 'NONE', ( #171 ), #1818, .F. ) ;
#400 = ORIENTED_EDGE ( 'NONE', *, *, #1628, .F. ) ;
#401 = ADVANCED_FACE ( 'NONE', ( #2546 ), #2523, .F. ) ;
#402 = CARTESIAN_POINT ( 'NONE',  ( -1.000000000000001776, 0.000000000000000000, 0.5249999999999972466 ) ) ;
#403 = CARTESIAN_POINT ( 'NONE',  ( -0.7250000000000004219, 0.000000000000000000, 0.1249999999999975853 ) ) ;
#404 = DIRECTION ( 'NONE',  ( -1.000000000000000000, 0.000000000000000000, -5.068502680640230570E-15 ) ) ;
#405 = ORIENTED_EDGE ( 'NONE', *, *, #530, .F. ) ;
#406 = DIRECTION ( 'NONE',  ( -1.000000000000000000, 0.000000000000000000, -1.914459997046036535E-15 ) ) ;
#407 = EDGE_CURVE ( 'NONE', #669, #1662, #2741, .T. ) ;
#408 = CARTESIAN_POINT ( 'NONE',  ( 0.7250000000000026423, 0.1000000000000000056, -0.7749999999999966915 ) ) ;
#409 = DIRECTION ( 'NONE',  ( 1.000000000000000000, 0.000000000000000000, 2.624119600854728625E-15 ) ) ;
#410 = ORIENTED_EDGE ( 'NONE', *, *, #2536, .F. ) ;
#411 = CARTESIAN_POINT ( 'NONE',  ( -0.4249999999999977685, 0.05000000000000000278, -0.4250000000000025424 ) ) ;
#412 =( NAMED_UNIT ( * ) SI_UNIT ( $, .STERADIAN. ) SOLID_ANGLE_UNIT ( ) );
#413 = ORIENTED_EDGE ( 'NONE', *, *, #2074, .F. ) ;
#414 = AXIS2_PLACEMENT_3D ( 'NONE', #427, #197, #1538 ) ;
#415 = DIRECTION ( 'NONE',  ( -1.000000000000000000, 0.000000000000000000, -3.491481338843133355E-15 ) ) ;
#416 = VECTOR ( 'NONE', #2384, 1000.000000000000000 ) ;
#417 = VECTOR ( 'NONE', #64, 1000.000000000000000 ) ;
#418 = LINE ( 'NONE', #2330, #2716 ) ;
#419 = FACE_OUTER_BOUND ( 'NONE', #312, .T. ) ;
#420 = DIRECTION ( 'NONE',  ( 1.000000000000000000, 0.000000000000000000, 3.491481338843133355E-15 ) ) ;
#421 = ORIENTED_EDGE ( 'NONE', *, *, #27, .F. ) ;
#422 = EDGE_CURVE ( 'NONE', #1660, #58, #791, .T. ) ;
#423 = ADVANCED_FACE ( 'NONE', ( #1027 ), #179, .T. ) ;
#424 = CARTESIAN_POINT ( 'NONE',  ( -0.7250000000000017542, 0.000000000000000000, 0.5249999999999982458 ) ) ;
#425 = VERTEX_POINT ( 'NONE', #1894 ) ;
#426 = PLANE ( 'NONE',  #2365 ) ;
#427 = CARTESIAN_POINT ( 'NONE',  ( -0.7249999999999999778, 0.09999999999999999167, -1.663962232672867938E-15 ) ) ;
#428 = ADVANCED_FACE ( 'NONE', ( #626 ), #159, .F. ) ;
#429 = VECTOR ( 'NONE', #663, 1000.000000000000000 ) ;
#430 = DIRECTION ( 'NONE',  ( 0.000000000000000000, -1.000000000000000000, 0.000000000000000000 ) ) ;
#431 = AXIS2_PLACEMENT_3D ( 'NONE', #1244, #2097, #2569 ) ;
#432 = ORIENTED_EDGE ( 'NONE', *, *, #641, .T. ) ;
#433 = EDGE_CURVE ( 'NONE', #1662, #816, #380, .T. ) ;
#434 = AXIS2_PLACEMENT_3D ( 'NONE', #634, #2309, #165 ) ;
#435 = EDGE_CURVE ( 'NONE', #1610, #83, #1455, .T. ) ;
#436 = LINE ( 'NONE', #2565, #1982 ) ;
#437 = VERTEX_POINT ( 'NONE', #2099 ) ;
#438 = VECTOR ( 'NONE', #1729, 1000.000000000000000 ) ;
#439 = ORIENTED_EDGE ( 'NONE', *, *, #2124, .F. ) ;
#440 = EDGE_CURVE ( 'NONE', #1567, #803, #582, .T. ) ;
#441 = MANIFOLD_SOLID_BREP ( 'Body-Move/Copy1[7]', #10 ) ;
#442 = CARTESIAN_POINT ( 'NONE',  ( -0.2000000000000026756, 0.1000000000000000472, 0.7249999999999994227 ) ) ;
#443 = VECTOR ( 'NONE', #1956, 1000.000000000000000 ) ;
#444 = EDGE_LOOP ( 'NONE', ( #28, #432, #1152, #840 ) ) ;
#445 = CARTESIAN_POINT ( 'NONE',  ( -0.7250000000000021982, 0.05000000000000000278, 0.6499999999999983569 ) ) ;
#446 = ORIENTED_EDGE ( 'NONE', *, *, #1302, .F. ) ;
#447 = DIRECTION ( 'NONE',  ( 0.000000000000000000, 1.000000000000000000, 0.000000000000000000 ) ) ;
#448 = EDGE_CURVE ( 'NONE', #1720, #2729, #2512, .T. ) ;
#449 = AXIS2_PLACEMENT_3D ( 'NONE', #1828, #1799, #1578 ) ;
#450 = DIRECTION ( 'NONE',  ( -0.000000000000000000, -1.000000000000000000, 0.000000000000000000 ) ) ;
#451 = DIRECTION ( 'NONE',  ( 0.000000000000000000, -1.000000000000000000, -0.000000000000000000 ) ) ;
#452 = CARTESIAN_POINT ( 'NONE',  ( -0.7250000000000017542, 0.05000000000000000278, 0.5249999999999982458 ) ) ;
#453 = DIRECTION ( 'NONE',  ( 0.000000000000000000, 0.000000000000000000, 1.000000000000000000 ) ) ;
#454 = ORIENTED_EDGE ( 'NONE', *, *, #1999, .F. ) ;
#455 = ORIENTED_EDGE ( 'NONE', *, *, #1480, .F. ) ;
#456 = DIRECTION ( 'NONE',  ( -3.491481338843133355E-15, 0.000000000000000000, 1.000000000000000000 ) ) ;
#457 = ORIENTED_EDGE ( 'NONE', *, *, #1443, .F. ) ;
#458 = FACE_OUTER_BOUND ( 'NONE', #1798, .T. ) ;
#459 = ORIENTED_EDGE ( 'NONE', *, *, #636, .F. ) ;
#460 = LINE ( 'NONE', #1372, #1603 ) ;
#461 = ORIENTED_EDGE ( 'NONE', *, *, #1035, .T. ) ;
#462 = CARTESIAN_POINT ( 'NONE',  ( -0.3249999999999980127, 1.689024858207070379, -0.5250000000000007994 ) ) ;
#463 = ORIENTED_EDGE ( 'NONE', *, *, #1133, .T. ) ;
#464 = ADVANCED_FACE ( 'NONE', ( #1446 ), #132, .F. ) ;
#465 = CARTESIAN_POINT ( 'NONE',  ( -2.393074996307525947E-16, 0.05000000000000000278, 0.1249999999999989730 ) ) ;
#466 = CARTESIAN_POINT ( 'NONE',  ( 0.7250000000000017542, 0.1000000000000000056, -0.5249999999999973577 ) ) ;
#467 = AXIS2_PLACEMENT_3D ( 'NONE', #1847, #2485, #958 ) ;
#468 = ORIENTED_EDGE ( 'NONE', *, *, #917, .F. ) ;
#469 = AXIS2_PLACEMENT_3D ( 'NONE', #2284, #367, #1857 ) ;
#470 = EDGE_LOOP ( 'NONE', ( #176, #1242, #707, #2246 ) ) ;
#471 = ORIENTED_EDGE ( 'NONE', *, *, #2123, .T. ) ;
#472 = LINE ( 'NONE', #1530, #1435 ) ;
#473 = LINE ( 'NONE', #1328, #1732 ) ;
#474 = ORIENTED_EDGE ( 'NONE', *, *, #1195, .T. ) ;
#475 =( LENGTH_UNIT ( ) NAMED_UNIT ( * ) SI_UNIT ( .MILLI., .METRE. ) );
#476 = EDGE_LOOP ( 'NONE', ( #33, #1913, #1390, #879 ) ) ;
#477 = LINE ( 'NONE', #1333, #1165 ) ;
#478 = FACE_OUTER_BOUND ( 'NONE', #470, .T. ) ;
#479 = CARTESIAN_POINT ( 'NONE',  ( -0.7249999999999995337, 0.05000000000000000278, -0.1250000000000017764 ) ) ;
#480 = FACE_OUTER_BOUND ( 'NONE', #2490, .T. ) ;
#481 = CARTESIAN_POINT ( 'NONE',  ( 0.7249999999999976463, 0.1000000000000000056, 0.6500000000000029088 ) ) ;
#482 = CARTESIAN_POINT ( 'NONE',  ( -0.8599979732879734495, 0.5500000000000000444, -0.7156693573399773856 ) ) ;
#483 = VERTEX_POINT ( 'NONE', #2699 ) ;
#484 = CIRCLE ( 'NONE', #839, 0.1249999999999996808 ) ;
#485 = AXIS2_PLACEMENT_3D ( 'NONE', #2114, #2087, #804 ) ;
#486 = PRESENTATION_LAYER_ASSIGNMENT (  '', '', ( #1023 ) ) ;
#487 = ORIENTED_EDGE ( 'NONE', *, *, #1976, .F. ) ;
#488 = VERTEX_POINT ( 'NONE', #1225 ) ;
#489 = AXIS2_PLACEMENT_3D ( 'NONE', #786, #2669, #798 ) ;
#490 = CARTESIAN_POINT ( 'NONE',  ( 0.7249999999999972022, 0.1000000000000000056, 0.7750000000000025757 ) ) ;
#491 = VECTOR ( 'NONE', #922, 1000.000000000000000 ) ;
#492 = VECTOR ( 'NONE', #2393, 1000.000000000000000 ) ;
#493 = FILL_AREA_STYLE ('',( #2180 ) ) ;
#494 = ORIENTED_EDGE ( 'NONE', *, *, #1439, .F. ) ;
#495 = DIRECTION ( 'NONE',  ( -0.000000000000000000, -1.000000000000000000, 0.000000000000000000 ) ) ;
#496 = CARTESIAN_POINT ( 'NONE',  ( -0.2000000000000026756, 1.689024858207070379, 0.7249999999999994227 ) ) ;
#497 = LINE ( 'NONE', #2156, #81 ) ;
#498 = AXIS2_PLACEMENT_3D ( 'NONE', #524, #2495, #2473 ) ;
#499 = CARTESIAN_POINT ( 'NONE',  ( 0.3249999999999978462, 0.000000000000000000, 0.6000000000000013101 ) ) ;
#500 = CARTESIAN_POINT ( 'NONE',  ( -0.5999999999999979794, 0.1000000000000000056, -0.6500000000000011324 ) ) ;
#501 = ORIENTED_EDGE ( 'NONE', *, *, #2581, .T. ) ;
#502 = ADVANCED_FACE ( 'NONE', ( #640 ), #681, .T. ) ;
#503 = EDGE_CURVE ( 'NONE', #1101, #642, #2380, .T. ) ;
#504 = ORIENTED_EDGE ( 'NONE', *, *, #1969, .F. ) ;
#505 = DIRECTION ( 'NONE',  ( 1.000000000000000000, 0.000000000000000000, 3.491481338843133355E-15 ) ) ;
#506 = ORIENTED_EDGE ( 'NONE', *, *, #90, .F. ) ;
#507 = CARTESIAN_POINT ( 'NONE',  ( -0.9999999999999974465, 0.000000000000000000, -0.7750000000000026867 ) ) ;
#508 = AXIS2_PLACEMENT_3D ( 'NONE', #1775, #1526, #2606 ) ;
#509 = SURFACE_STYLE_USAGE ( .BOTH. , #1181 ) ;
#510 = LINE ( 'NONE', #2573, #2759 ) ;
#511 = CARTESIAN_POINT ( 'NONE',  ( -1.000000000000003553, 0.05000000000000000278, 0.9999999999999965583 ) ) ;
#512 = VERTEX_POINT ( 'NONE', #1967 ) ;
#513 = CARTESIAN_POINT ( 'NONE',  ( -0.7250000000000004219, 0.09999999999999999167, 0.1249999999999980294 ) ) ;
#514 = VECTOR ( 'NONE', #586, 1000.000000000000000 ) ;
#515 = ORIENTED_EDGE ( 'NONE', *, *, #74, .F. ) ;
#516 = CARTESIAN_POINT ( 'NONE',  ( -1.000000000000003553, 0.5500000000000001554, 0.9999999999999965583 ) ) ;
#517 = AXIS2_PLACEMENT_3D ( 'NONE', #986, #1175, #124 ) ;
#518 = DIRECTION ( 'NONE',  ( 1.000000000000000000, 0.000000000000000000, 3.469446951953622866E-15 ) ) ;
#519 = SURFACE_STYLE_USAGE ( .BOTH. , #933 ) ;
#520 = ORIENTED_EDGE ( 'NONE', *, *, #2016, .T. ) ;
#521 = EDGE_CURVE ( 'NONE', #1610, #2143, #211, .T. ) ;
#522 = PLANE ( 'NONE',  #2326 ) ;
#523 = SURFACE_STYLE_FILL_AREA ( #556 ) ;
#524 = CARTESIAN_POINT ( 'NONE',  ( -0.7322777255331893720, 0.5500000000000000444, -0.7156693573399769415 ) ) ;
#525 = CARTESIAN_POINT ( 'NONE',  ( -0.7322777255331893720, 0.4500000000000000666, -0.7156693573399769415 ) ) ;
#526 = VERTEX_POINT ( 'NONE', #2617 ) ;
#527 = ADVANCED_FACE ( 'NONE', ( #259 ), #870, .F. ) ;
#528 = ORIENTED_EDGE ( 'NONE', *, *, #1591, .T. ) ;
#529 = ORIENTED_EDGE ( 'NONE', *, *, #2709, .T. ) ;
#530 = EDGE_CURVE ( 'NONE', #2007, #55, #2144, .T. ) ;
#531 = VECTOR ( 'NONE', #1238, 1000.000000000000000 ) ;
#532 = CARTESIAN_POINT ( 'NONE',  ( -0.7249999999999976463, 0.1000000000000000056, -0.6500000000000015765 ) ) ;
#533 = ADVANCED_FACE ( 'NONE', ( #670 ), #1710, .T. ) ;
#534 = LINE ( 'NONE', #552, #846 ) ;
#535 = EDGE_LOOP ( 'NONE', ( #1185, #2241 ) ) ;
#536 = AXIS2_PLACEMENT_3D ( 'NONE', #1892, #623, #856 ) ;
#537 = AXIS2_PLACEMENT_3D ( 'NONE', #341, #1627, #2487 ) ;
#538 = ORIENTED_EDGE ( 'NONE', *, *, #2750, .F. ) ;
#539 = DIRECTION ( 'NONE',  ( 1.000000000000000000, 0.000000000000000000, 3.491481338843133355E-15 ) ) ;
#540 = CIRCLE ( 'NONE', #807, 0.1249999999999996808 ) ;
#541 = ADVANCED_FACE ( 'NONE', ( #2772 ), #1314, .T. ) ;
#542 = FILL_AREA_STYLE ('',( #2572 ) ) ;
#543 = FACE_OUTER_BOUND ( 'NONE', #2218, .T. ) ;
#544 = DIRECTION ( 'NONE',  ( -1.000000000000000000, 0.000000000000000000, -3.491481338843133355E-15 ) ) ;
#545 = LINE ( 'NONE', #1848, #1343 ) ;
#546 = AXIS2_PLACEMENT_3D ( 'NONE', #2336, #1073, #666 ) ;
#547 = ORIENTED_EDGE ( 'NONE', *, *, #814, .T. ) ;
#548 = CIRCLE ( 'NONE', #2101, 0.1249999999999996808 ) ;
#549 = DIRECTION ( 'NONE',  ( -0.000000000000000000, -1.000000000000000000, 0.000000000000000000 ) ) ;
#550 = ORIENTED_EDGE ( 'NONE', *, *, #232, .F. ) ;
#551 = PLANE ( 'NONE',  #1250 ) ;
#552 = CARTESIAN_POINT ( 'NONE',  ( 0.9999999999999974465, 0.5716990566028298248, 0.7750000000000040190 ) ) ;
#553 = ORIENTED_EDGE ( 'NONE', *, *, #2360, .F. ) ;
#554 = FACE_BOUND ( 'NONE', #1695, .T. ) ;
#555 = DIRECTION ( 'NONE',  ( 0.000000000000000000, -1.000000000000000000, 0.000000000000000000 ) ) ;
#556 = FILL_AREA_STYLE ('',( #1615 ) ) ;
#557 = LINE ( 'NONE', #1640, #1960 ) ;
#558 = DIRECTION ( 'NONE',  ( -1.000000000000000000, 0.000000000000000000, -1.914459997046036140E-15 ) ) ;
#559 = EDGE_CURVE ( 'NONE', #2394, #252, #540, .T. ) ;
#560 = CARTESIAN_POINT ( 'NONE',  ( 0.3249999999999974576, 0.05000000000000000278, 0.7250000000000006439 ) ) ;
#561 = ADVANCED_FACE ( 'NONE', ( #698 ), #426, .T. ) ;
#562 = CARTESIAN_POINT ( 'NONE',  ( -1.000000000000002665, 0.5716990566028298248, 0.7749999999999970246 ) ) ;
#563 = ORIENTED_EDGE ( 'NONE', *, *, #1201, .F. ) ;
#564 = CIRCLE ( 'NONE', #2732, 0.1249999999999996808 ) ;
#565 = LINE ( 'NONE', #2029, #2508 ) ;
#566 = DIRECTION ( 'NONE',  ( 1.000000000000000000, 0.000000000000000000, 3.491481338843133355E-15 ) ) ;
#567 = EDGE_LOOP ( 'NONE', ( #1218, #2618, #1717, #400 ) ) ;
#568 = AXIS2_PLACEMENT_3D ( 'NONE', #1025, #2710, #1834 ) ;
#569 = AXIS2_PLACEMENT_3D ( 'NONE', #1007, #2736, #384 ) ;
#570 = CARTESIAN_POINT ( 'NONE',  ( 0.7249999999999976463, 0.09999999999999999167, 0.6500000000000029088 ) ) ;
#571 = DIRECTION ( 'NONE',  ( 0.000000000000000000, 1.000000000000000000, 0.000000000000000000 ) ) ;
#572 = CARTESIAN_POINT ( 'NONE',  ( 0.9999999999999983347, 0.09999999999999999167, 0.5250000000000042411 ) ) ;
#573 = DIRECTION ( 'NONE',  ( -1.000000000000000000, 0.000000000000000000, -3.491481338843133355E-15 ) ) ;
#574 = EDGE_CURVE ( 'NONE', #488, #1445, #225, .T. ) ;
#575 = PLANE ( 'NONE',  #830 ) ;
#576 = ORIENTED_EDGE ( 'NONE', *, *, #2687, .T. ) ;
#577 = CARTESIAN_POINT ( 'NONE',  ( 0.7249999999999999778, 0.000000000000000000, 2.965004839655473062E-15 ) ) ;
#578 = CARTESIAN_POINT ( 'NONE',  ( -0.1249999999999966138, 0.000000000000000000, -0.7250000000000000888 ) ) ;
#579 = VERTEX_POINT ( 'NONE', #1905 ) ;
#580 = STYLED_ITEM ( 'NONE', ( #1504 ), #2201 ) ;
#581 = CARTESIAN_POINT ( 'NONE',  ( -0.7322777255331893720, 0.5500000000000000444, -0.7156693573399769415 ) ) ;
#582 = LINE ( 'NONE', #1672, #1022 ) ;
#583 = DIRECTION ( 'NONE',  ( 1.000000000000000000, 0.000000000000000000, 3.469446951953622866E-15 ) ) ;
#584 = LINE ( 'NONE', #2022, #2482 ) ;
#585 = PLANE ( 'NONE',  #2544 ) ;
#586 = DIRECTION ( 'NONE',  ( -0.000000000000000000, -1.000000000000000000, 0.000000000000000000 ) ) ;
#587 = STYLED_ITEM ( 'NONE', ( #1589 ), #1275 ) ;
#588 = ADVANCED_FACE ( 'NONE', ( #2396 ), #15, .F. ) ;
#589 = CARTESIAN_POINT ( 'NONE',  ( -0.9999999999999974465, 0.09999999999999999167, -0.7750000000000026867 ) ) ;
#590 = ORIENTED_EDGE ( 'NONE', *, *, #765, .F. ) ;
#591 = CIRCLE ( 'NONE', #41, 0.1249999999999996808 ) ;
#592 = EDGE_CURVE ( 'NONE', #865, #1476, #884, .T. ) ;
#593 = DIRECTION ( 'NONE',  ( 0.000000000000000000, -1.000000000000000000, 0.000000000000000000 ) ) ;
#594 = VERTEX_POINT ( 'NONE', #2602 ) ;
#595 = DIRECTION ( 'NONE',  ( 1.000000000000000000, 0.000000000000000000, 3.491481338843133355E-15 ) ) ;
#596 = EDGE_LOOP ( 'NONE', ( #720, #934, #2609, #553 ) ) ;
#597 =( NAMED_UNIT ( * ) SI_UNIT ( $, .STERADIAN. ) SOLID_ANGLE_UNIT ( ) );
#598 = FACE_OUTER_BOUND ( 'NONE', #596, .T. ) ;
#599 = CARTESIAN_POINT ( 'NONE',  ( -0.7249999999999999778, 0.1000000000000000056, -1.663962232672867938E-15 ) ) ;
#600 = VECTOR ( 'NONE', #1543, 1000.000000000000000 ) ;
#601 = ORIENTED_EDGE ( 'NONE', *, *, #1796, .T. ) ;
#602 = DIRECTION ( 'NONE',  ( -0.7071067811865435759, 0.000000000000000000, -0.7071067811865515695 ) ) ;
#603 = ORIENTED_EDGE ( 'NONE', *, *, #131, .F. ) ;
#604 = AXIS2_PLACEMENT_3D ( 'NONE', #802, #102, #595 ) ;
#605 = DIRECTION ( 'NONE',  ( -3.491481338843133355E-15, 0.000000000000000000, 1.000000000000000000 ) ) ;
#606 = CARTESIAN_POINT ( 'NONE',  ( -0.7249999999999976463, 0.1000000000000000056, -0.6500000000000015765 ) ) ;
#607 = DIRECTION ( 'NONE',  ( -0.000000000000000000, -1.000000000000000000, -0.000000000000000000 ) ) ;
#608 = LINE ( 'NONE', #2519, #2585 ) ;
#609 = ORIENTED_EDGE ( 'NONE', *, *, #1015, .F. ) ;
#610 = EDGE_CURVE ( 'NONE', #512, #396, #477, .T. ) ;
#611 = CARTESIAN_POINT ( 'NONE',  ( -0.7322777255331893720, 0.4500000000000000666, -0.7156693573399769415 ) ) ;
#612 = STYLED_ITEM ( 'NONE', ( #2645 ), #398 ) ;
#613 = ORIENTED_EDGE ( 'NONE', *, *, #1394, .F. ) ;
#614 = DIRECTION ( 'NONE',  ( 0.000000000000000000, -1.000000000000000000, 0.000000000000000000 ) ) ;
#615 = PRESENTATION_LAYER_ASSIGNMENT (  '', '', ( #612 ) ) ;
#616 = EDGE_CURVE ( 'NONE', #1305, #1346, #1123, .T. ) ;
#617 = VECTOR ( 'NONE', #1636, 1000.000000000000000 ) ;
#618 = CARTESIAN_POINT ( 'NONE',  ( -0.8599979732879734495, 0.4500000000000000666, -0.7156693573399773856 ) ) ;
#619 = DIRECTION ( 'NONE',  ( -0.000000000000000000, -1.000000000000000000, 0.000000000000000000 ) ) ;
#620 = PLANE ( 'NONE',  #1584 ) ;
#621 = ORIENTED_EDGE ( 'NONE', *, *, #1133, .F. ) ;
#622 = DIRECTION ( 'NONE',  ( -3.491481338843133355E-15, 0.000000000000000000, 1.000000000000000000 ) ) ;
#623 = DIRECTION ( 'NONE',  ( 0.000000000000000000, 1.000000000000000000, 0.000000000000000000 ) ) ;
#624 = ORIENTED_EDGE ( 'NONE', *, *, #574, .F. ) ;
#625 = EDGE_CURVE ( 'NONE', #2248, #2522, #2129, .T. ) ;
#626 = FACE_OUTER_BOUND ( 'NONE', #444, .T. ) ;
#627 = CARTESIAN_POINT ( 'NONE',  ( -0.9999999999999995559, 0.1000000000000000056, -0.1250000000000027478 ) ) ;
#628 = CARTESIAN_POINT ( 'NONE',  ( 0.7250000000000021982, 0.000000000000000000, -0.6499999999999970246 ) ) ;
#629 = EDGE_CURVE ( 'NONE', #1135, #1726, #1560, .T. ) ;
#630 = DIRECTION ( 'NONE',  ( -0.000000000000000000, -1.000000000000000000, 0.000000000000000000 ) ) ;
#631 = EDGE_CURVE ( 'NONE', #425, #799, #2491, .T. ) ;
#632 = AXIS2_PLACEMENT_3D ( 'NONE', #627, #2340, #2131 ) ;
#633 = CARTESIAN_POINT ( 'NONE',  ( -0.9999999999999983347, 0.000000000000000000, -0.5250000000000029088 ) ) ;
#634 = CARTESIAN_POINT ( 'NONE',  ( -0.7250000000000021982, 0.000000000000000000, 0.6499999999999983569 ) ) ;
#635 = EDGE_LOOP ( 'NONE', ( #1205, #1464, #1940, #1683 ) ) ;
#636 = EDGE_CURVE ( 'NONE', #2132, #1012, #2464, .T. ) ;
#637 = FACE_OUTER_BOUND ( 'NONE', #1735, .T. ) ;
#638 = DIRECTION ( 'NONE',  ( -0.000000000000000000, -1.000000000000000000, -0.000000000000000000 ) ) ;
#639 = VERTEX_POINT ( 'NONE', #507 ) ;
#640 = FACE_OUTER_BOUND ( 'NONE', #1442, .T. ) ;
#641 = EDGE_CURVE ( 'NONE', #166, #2324, #2642, .T. ) ;
#642 = VERTEX_POINT ( 'NONE', #812 ) ;
#643 = VECTOR ( 'NONE', #364, 1000.000000000000000 ) ;
#644 = CARTESIAN_POINT ( 'NONE',  ( -0.7250000000000021982, 0.5716990566028298248, 0.6499999999999983569 ) ) ;
#645 = VECTOR ( 'NONE', #2247, 1000.000000000000000 ) ;
#646 = EDGE_CURVE ( 'NONE', #1010, #1830, #139, .T. ) ;
#647 = ORIENTED_EDGE ( 'NONE', *, *, #836, .F. ) ;
#648 = LINE ( 'NONE', #633, #54 ) ;
#649 = ORIENTED_EDGE ( 'NONE', *, *, #1235, .F. ) ;
#650 = EDGE_CURVE ( 'NONE', #2202, #2625, #1997, .T. ) ;
#651 = EDGE_LOOP ( 'NONE', ( #1794, #2313, #73, #2470 ) ) ;
#652 = DIRECTION ( 'NONE',  ( 1.000000000000000000, 0.000000000000000000, 3.491481338843133355E-15 ) ) ;
#653 = PLANE ( 'NONE',  #431 ) ;
#654 = ORIENTED_EDGE ( 'NONE', *, *, #363, .F. ) ;
#655 = DIRECTION ( 'NONE',  ( -3.684228391729445605E-15, 0.000000000000000000, 1.000000000000000000 ) ) ;
#656 = VERTEX_POINT ( 'NONE', #59 ) ;
#657 = STYLED_ITEM ( 'NONE', ( #1421 ), #355 ) ;
#658 = AXIS2_PLACEMENT_3D ( 'NONE', #2352, #1287, #2146 ) ;
#659 = CARTESIAN_POINT ( 'NONE',  ( -1.000000000000002665, 0.05000000000000000278, 0.7749999999999970246 ) ) ;
#660 = DIRECTION ( 'NONE',  ( -0.000000000000000000, -1.000000000000000000, 0.000000000000000000 ) ) ;
#661 =( NAMED_UNIT ( * ) SI_UNIT ( $, .STERADIAN. ) SOLID_ANGLE_UNIT ( ) );
#662 = ORIENTED_EDGE ( 'NONE', *, *, #1544, .F. ) ;
#663 = DIRECTION ( 'NONE',  ( -0.000000000000000000, -1.000000000000000000, 0.000000000000000000 ) ) ;
#664 = CARTESIAN_POINT ( 'NONE',  ( 0.7250000000000017542, 0.000000000000000000, -0.5249999999999973577 ) ) ;
#665 = ORIENTED_EDGE ( 'NONE', *, *, #1443, .T. ) ;
#666 = DIRECTION ( 'NONE',  ( 1.000000000000000000, 0.000000000000000000, 3.491481338843133355E-15 ) ) ;
#667 = VECTOR ( 'NONE', #1395, 1000.000000000000000 ) ;
#668 = LINE ( 'NONE', #867, #1686 ) ;
#669 = VERTEX_POINT ( 'NONE', #2518 ) ;
#670 = FACE_OUTER_BOUND ( 'NONE', #1132, .T. ) ;
#671 = VECTOR ( 'NONE', #1207, 1000.000000000000000 ) ;
#672 = ORIENTED_EDGE ( 'NONE', *, *, #937, .T. ) ;
#673 = DIRECTION ( 'NONE',  ( -3.491481338843133355E-15, 0.000000000000000000, 1.000000000000000000 ) ) ;
#674 = PLANE ( 'NONE',  #1142 ) ;
#675 = ORIENTED_EDGE ( 'NONE', *, *, #2400, .T. ) ;
#676 = VERTEX_POINT ( 'NONE', #935 ) ;
#677 = CARTESIAN_POINT ( 'NONE',  ( -0.3249999999999980127, 0.1000000000000000472, -0.5250000000000007994 ) ) ;
#678 = ORIENTED_EDGE ( 'NONE', *, *, #960, .F. ) ;
#679 = CARTESIAN_POINT ( 'NONE',  ( -0.9999999999999983347, 0.000000000000000000, -0.5250000000000029088 ) ) ;
#680 = ORIENTED_EDGE ( 'NONE', *, *, #1076, .F. ) ;
#681 = PLANE ( 'NONE',  #2008 ) ;
#682 = DIRECTION ( 'NONE',  ( 1.000000000000000000, 0.000000000000000000, 3.491481338843133355E-15 ) ) ;
#683 = LINE ( 'NONE', #1335, #2134 ) ;
#684 = FACE_OUTER_BOUND ( 'NONE', #2093, .T. ) ;
#685 = VECTOR ( 'NONE', #323, 1000.000000000000000 ) ;
#686 = EDGE_LOOP ( 'NONE', ( #547, #2506, #1040, #1000 ) ) ;
#687 = AXIS2_PLACEMENT_3D ( 'NONE', #2159, #40, #910 ) ;
#688 = PLANE ( 'NONE',  #157 ) ;
#689 = VECTOR ( 'NONE', #2009, 1000.000000000000000 ) ;
#690 = PLANE ( 'NONE',  #1186 ) ;
#691 = EDGE_CURVE ( 'NONE', #2105, #1604, #1231, .T. ) ;
#692 = VERTEX_POINT ( 'NONE', #714 ) ;
#693 = VERTEX_POINT ( 'NONE', #1362 ) ;
#694 = DIRECTION ( 'NONE',  ( 0.000000000000000000, 1.000000000000000000, 0.000000000000000000 ) ) ;
#695 = EDGE_LOOP ( 'NONE', ( #1339, #520, #35, #2747 ) ) ;
#696 = SURFACE_STYLE_USAGE ( .BOTH. , #2441 ) ;
#697 = ORIENTED_EDGE ( 'NONE', *, *, #1429, .F. ) ;
#698 = FACE_OUTER_BOUND ( 'NONE', #1292, .T. ) ;
#699 = ADVANCED_FACE ( 'NONE', ( #286 ), #1153, .F. ) ;
#700 = CARTESIAN_POINT ( 'NONE',  ( -0.9999999999999995559, 0.000000000000000000, -0.1250000000000027478 ) ) ;
#701 = LINE ( 'NONE', #273, #600 ) ;
#702 = DIRECTION ( 'NONE',  ( 1.000000000000000000, 0.000000000000000000, 3.274640904346032468E-15 ) ) ;
#703 = EDGE_CURVE ( 'NONE', #206, #1996, #2537, .T. ) ;
#704 = VERTEX_POINT ( 'NONE', #2733 ) ;
#705 = VECTOR ( 'NONE', #1431, 1000.000000000000000 ) ;
#706 = CARTESIAN_POINT ( 'NONE',  ( -0.5999999999999979794, 0.05000000000000000278, -0.6500000000000011324 ) ) ;
#707 = ORIENTED_EDGE ( 'NONE', *, *, #1076, .T. ) ;
#708 = ORIENTED_EDGE ( 'NONE', *, *, #1232, .F. ) ;
#709 = DIRECTION ( 'NONE',  ( -1.000000000000000000, 0.000000000000000000, -3.491481338843133355E-15 ) ) ;
#710 = PLANE ( 'NONE',  #1656 ) ;
#711 = ORIENTED_EDGE ( 'NONE', *, *, #221, .F. ) ;
#712 = PRESENTATION_STYLE_ASSIGNMENT (( #519 ) ) ;
#713 = ORIENTED_EDGE ( 'NONE', *, *, #691, .F. ) ;
#714 = CARTESIAN_POINT ( 'NONE',  ( -0.8599979732879734495, 0.5500000000000000444, -0.7156693573399773856 ) ) ;
#715 = AXIS2_PLACEMENT_3D ( 'NONE', #70, #1883, #415 ) ;
#716 = DIRECTION ( 'NONE',  ( -1.000000000000000000, 0.000000000000000000, -3.491481338843133355E-15 ) ) ;
#717 = VECTOR ( 'NONE', #1599, 1000.000000000000000 ) ;
#718 = DIRECTION ( 'NONE',  ( 0.000000000000000000, -1.000000000000000000, 0.000000000000000000 ) ) ;
#719 = CARTESIAN_POINT ( 'NONE',  ( -0.7250000000000026423, 0.1000000000000000056, 0.7749999999999980238 ) ) ;
#720 = ORIENTED_EDGE ( 'NONE', *, *, #379, .T. ) ;
#721 = EDGE_CURVE ( 'NONE', #656, #1718, #832, .T. ) ;
#722 = CARTESIAN_POINT ( 'NONE',  ( -0.7250000000000026423, 0.000000000000000000, 0.7749999999999980238 ) ) ;
#723 = VERTEX_POINT ( 'NONE', #2327 ) ;
#724 = UNCERTAINTY_MEASURE_WITH_UNIT (LENGTH_MEASURE( 1.000000000000000082E-05 ), #330, 'distance_accuracy_value', 'NONE');
#725 = CARTESIAN_POINT ( 'NONE',  ( 0.7249999999999999778, 0.000000000000000000, 2.965004839655473062E-15 ) ) ;
#726 = ORIENTED_EDGE ( 'NONE', *, *, #307, .T. ) ;
#727 = CARTESIAN_POINT ( 'NONE',  ( -1.000000000000000444, 0.5716990566028298248, 0.1249999999999970440 ) ) ;
#728 = ORIENTED_EDGE ( 'NONE', *, *, #2021, .F. ) ;
#729 = EDGE_CURVE ( 'NONE', #2196, #2613, #2302, .T. ) ;
#730 = CARTESIAN_POINT ( 'NONE',  ( 0.9999999999999965583, 0.5500000000000001554, 1.000000000000003553 ) ) ;
#731 = ORIENTED_EDGE ( 'NONE', *, *, #136, .T. ) ;
#732 = PRODUCT_DEFINITION_CONTEXT ( 'detailed design', #2414, 'design' ) ;
#733 = DIRECTION ( 'NONE',  ( 0.000000000000000000, -1.000000000000000000, -0.000000000000000000 ) ) ;
#734 = DIRECTION ( 'NONE',  ( 0.000000000000000000, 1.000000000000000000, 0.000000000000000000 ) ) ;
#735 = EDGE_CURVE ( 'NONE', #2007, #2379, #2561, .T. ) ;
#736 = DIRECTION ( 'NONE',  ( -0.000000000000000000, -1.000000000000000000, 0.000000000000000000 ) ) ;
#737 = DIRECTION ( 'NONE',  ( 1.000000000000000000, 0.000000000000000000, 3.491481338843133355E-15 ) ) ;
#738 = ORIENTED_EDGE ( 'NONE', *, *, #1427, .F. ) ;
#739 = ADVANCED_FACE ( 'NONE', ( #598 ), #1054, .T. ) ;
#740 = DIRECTION ( 'NONE',  ( 0.000000000000000000, -1.000000000000000000, 0.000000000000000000 ) ) ;
#741 = AXIS2_PLACEMENT_3D ( 'NONE', #2334, #1277, #2766 ) ;
#742 = ORIENTED_EDGE ( 'NONE', *, *, #435, .F. ) ;
#743 = CARTESIAN_POINT ( 'NONE',  ( -0.8599979732879734495, 0.4500000000000000666, -0.7156693573399773856 ) ) ;
#744 = VECTOR ( 'NONE', #549, 1000.000000000000000 ) ;
#745 = CARTESIAN_POINT ( 'NONE',  ( -0.9999999999999983347, 0.1000000000000000056, -0.5250000000000029088 ) ) ;
#746 = EDGE_CURVE ( 'NONE', #92, #483, #2070, .T. ) ;
#747 = PLANE ( 'NONE',  #845 ) ;
#748 = ORIENTED_EDGE ( 'NONE', *, *, #221, .T. ) ;
#749 = DIRECTION ( 'NONE',  ( 0.000000000000000000, 1.000000000000000000, 0.000000000000000000 ) ) ;
#750 =( NAMED_UNIT ( * ) SI_UNIT ( $, .STERADIAN. ) SOLID_ANGLE_UNIT ( ) );
#751 = LINE ( 'NONE', #957, #667 ) ;
#752 = DIRECTION ( 'NONE',  ( 0.000000000000000000, -1.000000000000000000, -0.000000000000000000 ) ) ;
#753 = CARTESIAN_POINT ( 'NONE',  ( 0.7249999999999995337, 0.5716990566028298248, 0.1250000000000026368 ) ) ;
#754 = ORIENTED_EDGE ( 'NONE', *, *, #2003, .T. ) ;
#755 = AXIS2_PLACEMENT_3D ( 'NONE', #2000, #2269, #75 ) ;
#756 = CARTESIAN_POINT ( 'NONE',  ( 0.9999999999999993339, 0.05000000000000000278, 0.1250000000000040523 ) ) ;
#757 = ORIENTED_EDGE ( 'NONE', *, *, #646, .F. ) ;
#758 = PRESENTATION_LAYER_ASSIGNMENT (  '', '', ( #1243 ) ) ;
#759 = CARTESIAN_POINT ( 'NONE',  ( -1.833027702892647773E-15, 0.05000000000000000278, 0.5250000000000006883 ) ) ;
#760 = ORIENTED_EDGE ( 'NONE', *, *, #1687, .T. ) ;
#761 = EDGE_CURVE ( 'NONE', #2203, #865, #1688, .T. ) ;
#762 = VECTOR ( 'NONE', #1750, 1000.000000000000000 ) ;
#763 = DIRECTION ( 'NONE',  ( -1.000000000000000000, 0.000000000000000000, -3.491481338843133355E-15 ) ) ;
#764 = CARTESIAN_POINT ( 'NONE',  ( -0.3250000000000025091, 0.1000000000000000472, 0.7249999999999990896 ) ) ;
#765 = EDGE_CURVE ( 'NONE', #437, #2545, #2353, .T. ) ;
#766 = CARTESIAN_POINT ( 'NONE',  ( 0.7250000000000017542, 0.05000000000000000278, -0.5249999999999973577 ) ) ;
#767 = CARTESIAN_POINT ( 'NONE',  ( -0.3250000000000025091, 0.1000000000000000472, 0.7249999999999990896 ) ) ;
#768 = CARTESIAN_POINT ( 'NONE',  ( 0.7250000000000017542, 0.1000000000000000056, -0.5249999999999973577 ) ) ;
#769 = CARTESIAN_POINT ( 'NONE',  ( 1.000000000000001332, 0.05000000000000000278, -0.5249999999999959144 ) ) ;
#770 = AXIS2_PLACEMENT_3D ( 'NONE', #2051, #571, #583 ) ;
#771 = VECTOR ( 'NONE', #1590, 1000.000000000000000 ) ;
#772 = CARTESIAN_POINT ( 'NONE',  ( -0.7250000000000017542, 0.09999999999999999167, 0.5249999999999982458 ) ) ;
#773 = ORIENTED_EDGE ( 'NONE', *, *, #47, .T. ) ;
#774 = LINE ( 'NONE', #1621, #771 ) ;
#775 = CARTESIAN_POINT ( 'NONE',  ( -0.6045574777784051834, 0.4500000000000000666, -0.7156693573399766084 ) ) ;
#776 = EDGE_LOOP ( 'NONE', ( #457, #285, #1840, #1631 ) ) ;
#777 = DIRECTION ( 'NONE',  ( 0.000000000000000000, 1.000000000000000000, 0.000000000000000000 ) ) ;
#778 = AXIS2_PLACEMENT_3D ( 'NONE', #644, #182, #1896 ) ;
#779 = DIRECTION ( 'NONE',  ( 3.491481338843133355E-15, 0.000000000000000000, -1.000000000000000000 ) ) ;
#780 = DIRECTION ( 'NONE',  ( -0.000000000000000000, -1.000000000000000000, 0.000000000000000000 ) ) ;
#781 = PLANE ( 'NONE',  #2679 ) ;
#782 = CARTESIAN_POINT ( 'NONE',  ( 0.7249999999999972022, 0.09999999999999999167, 0.7750000000000025757 ) ) ;
#783 = EDGE_LOOP ( 'NONE', ( #647, #315, #1912, #2558 ) ) ;
#784 = ADVANCED_FACE ( 'NONE', ( #1017 ), #2089, .T. ) ;
#785 = AXIS2_PLACEMENT_3D ( 'NONE', #1487, #2344, #420 ) ;
#786 = CARTESIAN_POINT ( 'NONE',  ( -0.7249999999999976463, 0.5716990566028298248, -0.6500000000000015765 ) ) ;
#787 = ORIENTED_EDGE ( 'NONE', *, *, #44, .T. ) ;
#788 = CIRCLE ( 'NONE', #2391, 0.1277202477547841331 ) ;
#789 = CLOSED_SHELL ( 'NONE', ( #1501, #1635, #151, #2189, #1831, #1046, #2630, #1540, #2192, #1144, #1920, #1887, #1659, #1219, #2517, #1575, #1003, #2295, #428, #2356, #2115, #527, #1502, #533, #1271, #1486, #305, #699, #107, #826, #423, #2333, #1721, #822, #1843, #588, #952, #140, #784, #2381, #2204, #1613 ) ) ;
#790 = DIRECTION ( 'NONE',  ( -1.000000000000000000, 0.000000000000000000, -3.491481338843133355E-15 ) ) ;
#791 = LINE ( 'NONE', #1685, #1901 ) ;
#792 = CARTESIAN_POINT ( 'NONE',  ( 1.000000000000001776, 0.000000000000000000, -0.5249999999999959144 ) ) ;
#793 = ADVANCED_FACE ( 'NONE', ( #808 ), #1987, .F. ) ;
#794 = DIRECTION ( 'NONE',  ( 0.000000000000000000, 1.000000000000000000, 0.000000000000000000 ) ) ;
#795 = EDGE_CURVE ( 'NONE', #799, #1104, #2158, .T. ) ;
#796 = LINE ( 'NONE', #2549, #1723 ) ;
#797 = VERTEX_POINT ( 'NONE', #2385 ) ;
#798 = DIRECTION ( 'NONE',  ( 1.000000000000000000, 0.000000000000000000, 3.469446951953622866E-15 ) ) ;
#799 = VERTEX_POINT ( 'NONE', #659 ) ;
#800 = VECTOR ( 'NONE', #1479, 1000.000000000000000 ) ;
#801 = AXIS2_PLACEMENT_3D ( 'NONE', #445, #638, #2112 ) ;
#802 = CARTESIAN_POINT ( 'NONE',  ( -0.7249999999999999778, 0.5716990566028298248, -1.663962232672867938E-15 ) ) ;
#803 = VERTEX_POINT ( 'NONE', #1924 ) ;
#804 = DIRECTION ( 'NONE',  ( -1.000000000000000000, 0.000000000000000000, -1.914459997046036535E-15 ) ) ;
#805 = VECTOR ( 'NONE', #2746, 1000.000000000000000 ) ;
#806 = CARTESIAN_POINT ( 'NONE',  ( -1.000000000000003553, 0.05000000000000000278, 0.9999999999999965583 ) ) ;
#807 = AXIS2_PLACEMENT_3D ( 'NONE', #1951, #447, #1536 ) ;
#808 = FACE_OUTER_BOUND ( 'NONE', #1090, .T. ) ;
#809 = VECTOR ( 'NONE', #2513, 1000.000000000000000 ) ;
#810 = DIRECTION ( 'NONE',  ( -0.000000000000000000, -1.000000000000000000, 0.000000000000000000 ) ) ;
#811 = ORIENTED_EDGE ( 'NONE', *, *, #2227, .F. ) ;
#812 = CARTESIAN_POINT ( 'NONE',  ( -0.3249999999999980127, 0.04999999999999991257, -0.5250000000000007994 ) ) ;
#813 = EDGE_CURVE ( 'NONE', #1498, #2202, #2186, .T. ) ;
#814 = EDGE_CURVE ( 'NONE', #2670, #2394, #949, .T. ) ;
#815 = DIRECTION ( 'NONE',  ( -0.000000000000000000, -1.000000000000000000, 0.000000000000000000 ) ) ;
#816 = VERTEX_POINT ( 'NONE', #1509 ) ;
#817 = CYLINDRICAL_SURFACE ( 'NONE', #69, 0.1249999999999996808 ) ;
#818 = ORIENTED_EDGE ( 'NONE', *, *, #422, .T. ) ;
#819 = SURFACE_STYLE_FILL_AREA ( #1639 ) ;
#820 = LINE ( 'NONE', #403, #1630 ) ;
#821 = CARTESIAN_POINT ( 'NONE',  ( -0.7250000000000026423, 0.1000000000000000056, 0.7749999999999980238 ) ) ;
#822 = ADVANCED_FACE ( 'NONE', ( #262 ), #2398, .F. ) ;
#823 = CARTESIAN_POINT ( 'NONE',  ( 2.660963907336126611E-15, 0.05000000000000000278, -0.5250000000000010214 ) ) ;
#824 = ORIENTED_EDGE ( 'NONE', *, *, #729, .T. ) ;
#825 = AXIS2_PLACEMENT_3D ( 'NONE', #1854, #2292, #1251 ) ;
#826 = ADVANCED_FACE ( 'NONE', ( #1937 ), #926, .F. ) ;
#827 = SURFACE_SIDE_STYLE ('',( #1266 ) ) ;
#828 = ORIENTED_EDGE ( 'NONE', *, *, #18, .F. ) ;
#829 = VECTOR ( 'NONE', #1109, 1000.000000000000000 ) ;
#830 = AXIS2_PLACEMENT_3D ( 'NONE', #562, #1384, #1217 ) ;
#831 =( LENGTH_UNIT ( ) NAMED_UNIT ( * ) SI_UNIT ( .MILLI., .METRE. ) );
#832 = LINE ( 'NONE', #1467, #304 ) ;
#833 = ORIENTED_EDGE ( 'NONE', *, *, #216, .T. ) ;
#834 = CARTESIAN_POINT ( 'NONE',  ( -0.9999999999999997780, 0.05000000000000000278, -0.1250000000000027478 ) ) ;
#835 = LINE ( 'NONE', #2374, #2208 ) ;
#836 = EDGE_CURVE ( 'NONE', #238, #1718, #683, .T. ) ;
#837 = ORIENTED_EDGE ( 'NONE', *, *, #2534, .F. ) ;
#838 = DIRECTION ( 'NONE',  ( -0.000000000000000000, -1.000000000000000000, 0.000000000000000000 ) ) ;
#839 = AXIS2_PLACEMENT_3D ( 'NONE', #2577, #2402, #1340 ) ;
#840 = ORIENTED_EDGE ( 'NONE', *, *, #1247, .F. ) ;
#841 = EDGE_CURVE ( 'NONE', #396, #2625, #2369, .T. ) ;
#842 =( NAMED_UNIT ( * ) PLANE_ANGLE_UNIT ( ) SI_UNIT ( $, .RADIAN. ) );
#843 = EDGE_CURVE ( 'NONE', #1858, #1579, #701, .T. ) ;
#844 = AXIS2_PLACEMENT_3D ( 'NONE', #1256, #1041, #147 ) ;
#845 = AXIS2_PLACEMENT_3D ( 'NONE', #348, #97, #979 ) ;
#846 = VECTOR ( 'NONE', #332, 1000.000000000000000 ) ;
#847 = CARTESIAN_POINT ( 'NONE',  ( 1.902486710619676744E-15, 0.05000000000000000278, -0.7249999999999994227 ) ) ;
#848 = CARTESIAN_POINT ( 'NONE',  ( 0.7249999999999976463, 0.05000000000000000278, 0.6500000000000029088 ) ) ;
#849 = DIRECTION ( 'NONE',  ( 1.000000000000000000, -0.000000000000000000, 1.914459997046036140E-15 ) ) ;
#850 = DIRECTION ( 'NONE',  ( 1.000000000000000000, 0.000000000000000000, 3.491481338843133355E-15 ) ) ;
#851 = EDGE_CURVE ( 'NONE', #2588, #1476, #1970, .T. ) ;
#852 = FACE_OUTER_BOUND ( 'NONE', #651, .T. ) ;
#853 = ORIENTED_EDGE ( 'NONE', *, *, #2689, .F. ) ;
#854 = AXIS2_PLACEMENT_3D ( 'NONE', #1170, #133, #76 ) ;
#855 =( NAMED_UNIT ( * ) SI_UNIT ( $, .STERADIAN. ) SOLID_ANGLE_UNIT ( ) );
#856 = DIRECTION ( 'NONE',  ( 1.000000000000000000, 0.000000000000000000, 3.469446951953622866E-15 ) ) ;
#857 = ORIENTED_EDGE ( 'NONE', *, *, #1835, .T. ) ;
#858 = CARTESIAN_POINT ( 'NONE',  ( -0.7322777255331893720, 0.5500000000000000444, -0.7156693573399769415 ) ) ;
#859 = ORIENTED_EDGE ( 'NONE', *, *, #1745, .F. ) ;
#860 = CARTESIAN_POINT ( 'NONE',  ( -0.7250000000000021982, 0.5716990566028298248, 0.6499999999999983569 ) ) ;
#861 = VERTEX_POINT ( 'NONE', #889 ) ;
#862 = EDGE_LOOP ( 'NONE', ( #501, #1272 ) ) ;
#863 = LINE ( 'NONE', #135, #894 ) ;
#864 = DIRECTION ( 'NONE',  ( 0.000000000000000000, -1.000000000000000000, 0.000000000000000000 ) ) ;
#865 = VERTEX_POINT ( 'NONE', #2173 ) ;
#866 = PLANE ( 'NONE',  #546 ) ;
#867 = CARTESIAN_POINT ( 'NONE',  ( -0.3249999999999980127, 0.000000000000000000, -0.5250000000000007994 ) ) ;
#868 = DIRECTION ( 'NONE',  ( -3.491481338843133355E-15, 0.000000000000000000, 1.000000000000000000 ) ) ;
#869 = ORIENTED_EDGE ( 'NONE', *, *, #1276, .F. ) ;
#870 = PLANE ( 'NONE',  #1780 ) ;
#871 = CARTESIAN_POINT ( 'NONE',  ( -0.6000000000000003109, 0.05000000000000000278, -1.227527065317477452E-15 ) ) ;
#872 = ORIENTED_EDGE ( 'NONE', *, *, #1315, .T. ) ;
#873 = VECTOR ( 'NONE', #8, 1000.000000000000000 ) ;
#874 = LINE ( 'NONE', #1303, #2467 ) ;
#875 = CLOSED_SHELL ( 'NONE', ( #1136, #2275, #389, #1826, #272, #2728 ) ) ;
#876 = ORIENTED_EDGE ( 'NONE', *, *, #795, .T. ) ;
#877 = ADVANCED_FACE ( 'NONE', ( #61 ), #939, .F. ) ;
#878 = CARTESIAN_POINT ( 'NONE',  ( -0.7250000000000026423, 0.09999999999999999167, 0.7749999999999980238 ) ) ;
#879 = ORIENTED_EDGE ( 'NONE', *, *, #1805, .T. ) ;
#880 = ORIENTED_EDGE ( 'NONE', *, *, #1224, .T. ) ;
#881 = DIRECTION ( 'NONE',  ( -3.491481338843133355E-15, 0.000000000000000000, 1.000000000000000000 ) ) ;
#882 = CARTESIAN_POINT ( 'NONE',  ( 0.7250000000000021982, 0.1000000000000000056, -0.6499999999999970246 ) ) ;
#883 = ORIENTED_EDGE ( 'NONE', *, *, #1357, .F. ) ;
#884 = LINE ( 'NONE', #905, #2503 ) ;
#885 = EDGE_LOOP ( 'NONE', ( #883, #1561, #966, #1164 ) ) ;
#886 = VECTOR ( 'NONE', #103, 1000.000000000000000 ) ;
#887 = CARTESIAN_POINT ( 'NONE',  ( 0.7250000000000017542, 0.09999999999999999167, -0.5249999999999973577 ) ) ;
#888 = COLOUR_RGB ( '',0.7960784313725489669, 0.8235294117647058432, 0.9372549019607843146 ) ;
#889 = CARTESIAN_POINT ( 'NONE',  ( 0.7250000000000004219, 0.1000000000000000056, -0.1249999999999967248 ) ) ;
#890 = DIRECTION ( 'NONE',  ( 1.000000000000000000, 0.000000000000000000, 3.469446951953622866E-15 ) ) ;
#891 = ORIENTED_EDGE ( 'NONE', *, *, #1524, .F. ) ;
#892 = CARTESIAN_POINT ( 'NONE',  ( 0.9999999999999995559, 0.09999999999999999167, 0.1250000000000040523 ) ) ;
#893 = CARTESIAN_POINT ( 'NONE',  ( -0.6000000000000003109, 0.000000000000000000, -1.227527065317477452E-15 ) ) ;
#894 = VECTOR ( 'NONE', #995, 1000.000000000000000 ) ;
#895 = DIRECTION ( 'NONE',  ( 1.000000000000000000, 0.000000000000000000, 3.491481338843133355E-15 ) ) ;
#896 = VECTOR ( 'NONE', #2556, 1000.000000000000000 ) ;
#897 = ORIENTED_EDGE ( 'NONE', *, *, #616, .F. ) ;
#898 = EDGE_CURVE ( 'NONE', #976, #1660, #2507, .T. ) ;
#899 = LINE ( 'NONE', #677, #167 ) ;
#900 = VECTOR ( 'NONE', #2430, 1000.000000000000000 ) ;
#901 = DIRECTION ( 'NONE',  ( 0.000000000000000000, -1.000000000000000000, 0.000000000000000000 ) ) ;
#902 = ORIENTED_EDGE ( 'NONE', *, *, #1249, .T. ) ;
#903 = DIRECTION ( 'NONE',  ( 1.000000000000000000, 0.000000000000000000, 3.491481338843133355E-15 ) ) ;
#904 = ORIENTED_EDGE ( 'NONE', *, *, #629, .T. ) ;
#905 = CARTESIAN_POINT ( 'NONE',  ( -1.000000000000003553, 0.05000000000000000278, 0.9999999999999965583 ) ) ;
#906 = AXIS2_PLACEMENT_3D ( 'NONE', #2439, #2046, #518 ) ;
#907 = CARTESIAN_POINT ( 'NONE',  ( -0.9999999999999995559, 0.1000000000000000056, -0.1250000000000027478 ) ) ;
#908 = DIRECTION ( 'NONE',  ( -1.000000000000000000, 0.000000000000000000, -3.491481338843133355E-15 ) ) ;
#909 = LINE ( 'NONE', #499, #900 ) ;
#910 = DIRECTION ( 'NONE',  ( 1.000000000000000000, 0.000000000000000000, 3.491481338843133355E-15 ) ) ;
#911 = SURFACE_STYLE_FILL_AREA ( #1337 ) ;
#912 = ORIENTED_EDGE ( 'NONE', *, *, #703, .T. ) ;
#913 = LINE ( 'NONE', #2634, #1676 ) ;
#914 = ORIENTED_EDGE ( 'NONE', *, *, #1474, .F. ) ;
#915 = ORIENTED_EDGE ( 'NONE', *, *, #2703, .F. ) ;
#916 = EDGE_CURVE ( 'NONE', #1529, #2132, #2620, .T. ) ;
#917 = EDGE_CURVE ( 'NONE', #1782, #2545, #909, .T. ) ;
#918 = DIRECTION ( 'NONE',  ( 3.491481338843133355E-15, 0.000000000000000000, -1.000000000000000000 ) ) ;
#919 = ORIENTED_EDGE ( 'NONE', *, *, #1474, .T. ) ;
#920 = SURFACE_STYLE_FILL_AREA ( #493 ) ;
#921 = EDGE_LOOP ( 'NONE', ( #2266, #1367, #1708, #1992 ) ) ;
#922 = DIRECTION ( 'NONE',  ( -1.000000000000000000, 0.000000000000000000, -5.068502680640230570E-15 ) ) ;
#923 = EDGE_CURVE ( 'NONE', #1117, #1038, #510, .T. ) ;
#924 = LINE ( 'NONE', #2018, #416 ) ;
#925 = PLANE ( 'NONE',  #387 ) ;
#926 = CYLINDRICAL_SURFACE ( 'NONE', #2742, 0.1249999999999996808 ) ;
#927 = LINE ( 'NONE', #1776, #1758 ) ;
#928 = VECTOR ( 'NONE', #2351, 1000.000000000000000 ) ;
#929 = EDGE_LOOP ( 'NONE', ( #1944, #2419, #1880, #277 ) ) ;
#930 = CIRCLE ( 'NONE', #2526, 0.1249999999999996808 ) ;
#931 = EDGE_LOOP ( 'NONE', ( #1064, #1488, #1623, #2377 ) ) ;
#932 = ORIENTED_EDGE ( 'NONE', *, *, #1172, .F. ) ;
#933 = SURFACE_SIDE_STYLE ('',( #920 ) ) ;
#934 = ORIENTED_EDGE ( 'NONE', *, *, #113, .T. ) ;
#935 = CARTESIAN_POINT ( 'NONE',  ( 1.000000000000002665, 0.000000000000000000, -0.7749999999999956923 ) ) ;
#936 = CARTESIAN_POINT ( 'NONE',  ( -1.000000000000003553, 0.05000000000000000278, 0.9999999999999965583 ) ) ;
#937 = EDGE_CURVE ( 'NONE', #1274, #1597, #215, .T. ) ;
#938 = PLANE ( 'NONE',  #755 ) ;
#939 = PLANE ( 'NONE',  #37 ) ;
#940 = CARTESIAN_POINT ( 'NONE',  ( 2.705898037603425589E-15, 0.05000000000000000278, -0.7749999999999992450 ) ) ;
#941 = VERTEX_POINT ( 'NONE', #2 ) ;
#942 = AXIS2_PLACEMENT_3D ( 'NONE', #606, #1229, #1324 ) ;
#943 = VECTOR ( 'NONE', #988, 1000.000000000000000 ) ;
#944 = EDGE_CURVE ( 'NONE', #1858, #1610, #874, .T. ) ;
#945 = CARTESIAN_POINT ( 'NONE',  ( -0.7250000000000017542, 0.1000000000000000056, 0.5249999999999982458 ) ) ;
#946 = ORIENTED_EDGE ( 'NONE', *, *, #1805, .F. ) ;
#947 = VECTOR ( 'NONE', #2245, 1000.000000000000000 ) ;
#948 = DIRECTION ( 'NONE',  ( 1.000000000000000000, 0.000000000000000000, 3.491481338843133355E-15 ) ) ;
#949 = CIRCLE ( 'NONE', #1868, 0.1249999999999996808 ) ;
#950 = ORIENTED_EDGE ( 'NONE', *, *, #2311, .T. ) ;
#951 = ORIENTED_EDGE ( 'NONE', *, *, #923, .T. ) ;
#952 = ADVANCED_FACE ( 'NONE', ( #1213 ), #354, .T. ) ;
#953 = VECTOR ( 'NONE', #779, 1000.000000000000000 ) ;
#954 = LINE ( 'NONE', #981, #2420 ) ;
#955 = AXIS2_PLACEMENT_3D ( 'NONE', #347, #2059, #1286 ) ;
#956 = EDGE_CURVE ( 'NONE', #816, #676, #1407, .T. ) ;
#957 = CARTESIAN_POINT ( 'NONE',  ( 0.9999999999999965583, 0.5500000000000001554, 1.000000000000003553 ) ) ;
#958 = DIRECTION ( 'NONE',  ( -1.000000000000000000, 0.000000000000000000, -1.914459997046036535E-15 ) ) ;
#959 = EDGE_LOOP ( 'NONE', ( #6, #11, #2761, #1933 ) ) ;
#960 = EDGE_CURVE ( 'NONE', #115, #1346, #2258, .T. ) ;
#961 = CARTESIAN_POINT ( 'NONE',  ( -0.7249999999999976463, 0.1000000000000000056, -0.6500000000000015765 ) ) ;
#962 = ORIENTED_EDGE ( 'NONE', *, *, #2044, .T. ) ;
#963 = UNCERTAINTY_MEASURE_WITH_UNIT (LENGTH_MEASURE( 1.000000000000000082E-05 ), #831, 'distance_accuracy_value', 'NONE');
#964 =( NAMED_UNIT ( * ) SI_UNIT ( $, .STERADIAN. ) SOLID_ANGLE_UNIT ( ) );
#965 = CARTESIAN_POINT ( 'NONE',  ( 1.000000000000003109, 3.928427124746190824, -0.9999999999999965583 ) ) ;
#966 = ORIENTED_EDGE ( 'NONE', *, *, #2668, .T. ) ;
#967 = VECTOR ( 'NONE', #245, 1000.000000000000000 ) ;
#968 = UNCERTAINTY_MEASURE_WITH_UNIT (LENGTH_MEASURE( 1.000000000000000082E-05 ), #1566, 'distance_accuracy_value', 'NONE');
#969 = DIRECTION ( 'NONE',  ( -0.000000000000000000, -1.000000000000000000, -0.000000000000000000 ) ) ;
#970 = CARTESIAN_POINT ( 'NONE',  ( 0.7249999999999995337, 0.05000000000000000278, 0.1250000000000026368 ) ) ;
#971 = FACE_OUTER_BOUND ( 'NONE', #2682, .T. ) ;
#972 = ORIENTED_EDGE ( 'NONE', *, *, #1862, .T. ) ;
#973 = VECTOR ( 'NONE', #26, 1000.000000000000000 ) ;
#974 = PLANE ( 'NONE',  #1095 ) ;
#975 = VECTOR ( 'NONE', #555, 1000.000000000000000 ) ;
#976 = VERTEX_POINT ( 'NONE', #322 ) ;
#977 = FILL_AREA_STYLE_COLOUR ( '', #1783 ) ;
#978 = CARTESIAN_POINT ( 'NONE',  ( -0.7249999999999976463, 0.1000000000000000056, -0.6500000000000015765 ) ) ;
#979 = DIRECTION ( 'NONE',  ( 1.000000000000000000, 0.000000000000000000, 3.491481338843133355E-15 ) ) ;
#980 = ORIENTED_EDGE ( 'NONE', *, *, #1429, .T. ) ;
#981 = CARTESIAN_POINT ( 'NONE',  ( 0.9999999999999983347, 0.000000000000000000, 0.5250000000000042411 ) ) ;
#982 = DIRECTION ( 'NONE',  ( 0.000000000000000000, -1.000000000000000000, 0.000000000000000000 ) ) ;
#983 = DIRECTION ( 'NONE',  ( -1.000000000000000000, 0.000000000000000000, -3.491481338843133355E-15 ) ) ;
#984 = CARTESIAN_POINT ( 'NONE',  ( -0.3249999999999980127, 1.689024858207070379, -0.5250000000000007994 ) ) ;
#985 = CARTESIAN_POINT ( 'NONE',  ( -1.000000000000003553, 0.5500000000000001554, 0.9999999999999965583 ) ) ;
#986 = CARTESIAN_POINT ( 'NONE',  ( -0.7249999999999976463, 0.05000000000000000278, -0.6500000000000015765 ) ) ;
#987 = VERTEX_POINT ( 'NONE', #2213 ) ;
#988 = DIRECTION ( 'NONE',  ( -3.274640904346032468E-15, 0.000000000000000000, 1.000000000000000000 ) ) ;
#989 = ORIENTED_EDGE ( 'NONE', *, *, #191, .F. ) ;
#990 = VECTOR ( 'NONE', #566, 1000.000000000000000 ) ;
#991 = PRODUCT_DEFINITION_FORMATION_WITH_SPECIFIED_SOURCE ( 'ANY', '', #249, .NOT_KNOWN. ) ;
#992 = CARTESIAN_POINT ( 'NONE',  ( 0.7250000000000021982, 0.1000000000000000056, -0.6499999999999970246 ) ) ;
#993 = CARTESIAN_POINT ( 'NONE',  ( -1.000000000000001776, 0.05000000000000000278, 0.5249999999999972466 ) ) ;
#994 = DIRECTION ( 'NONE',  ( 1.000000000000000000, 0.000000000000000000, 3.491481338843133355E-15 ) ) ;
#995 = DIRECTION ( 'NONE',  ( 0.000000000000000000, -1.000000000000000000, 0.000000000000000000 ) ) ;
#996 = CIRCLE ( 'NONE', #770, 0.1249999999999996808 ) ;
#997 = CARTESIAN_POINT ( 'NONE',  ( -0.3250000000000025091, 1.689024858207070379, 0.7249999999999990896 ) ) ;
#998 = VERTEX_POINT ( 'NONE', #2447 ) ;
#999 = CARTESIAN_POINT ( 'NONE',  ( 0.7250000000000026423, 0.1000000000000000056, -0.7749999999999966915 ) ) ;
#1000 = ORIENTED_EDGE ( 'NONE', *, *, #2762, .F. ) ;
#1001 = ADVANCED_FACE ( 'NONE', ( #2459 ), #1791, .T. ) ;
#1002 = DIRECTION ( 'NONE',  ( -0.000000000000000000, -1.000000000000000000, 0.000000000000000000 ) ) ;
#1003 = ADVANCED_FACE ( 'NONE', ( #1616 ), #2676, .T. ) ;
#1004 = CARTESIAN_POINT ( 'NONE',  ( 1.000000000000002665, 0.5716990566028298248, -0.7749999999999956923 ) ) ;
#1005 = LINE ( 'NONE', #1846, #1391 ) ;
#1006 = CARTESIAN_POINT ( 'NONE',  ( -1.000000000000002665, 0.5716990566028298248, 0.7749999999999970246 ) ) ;
#1007 = CARTESIAN_POINT ( 'NONE',  ( -0.7249999999999999778, 0.5716990566028298248, -1.663962232672867938E-15 ) ) ;
#1008 = ORIENTED_EDGE ( 'NONE', *, *, #307, .F. ) ;
#1009 = FACE_OUTER_BOUND ( 'NONE', #210, .T. ) ;
#1010 = VERTEX_POINT ( 'NONE', #993 ) ;
#1011 = CARTESIAN_POINT ( 'NONE',  ( -0.9999999999999995559, 0.09999999999999999167, -0.1250000000000027478 ) ) ;
#1012 = VERTEX_POINT ( 'NONE', #104 ) ;
#1013 = DIRECTION ( 'NONE',  ( -0.000000000000000000, -1.000000000000000000, 0.000000000000000000 ) ) ;
#1014 = CARTESIAN_POINT ( 'NONE',  ( -0.7249999999999972022, 0.09999999999999999167, -0.7750000000000016875 ) ) ;
#1015 = EDGE_CURVE ( 'NONE', #1458, #396, #2547, .T. ) ;
#1016 = EDGE_CURVE ( 'NONE', #2531, #2502, #1837, .T. ) ;
#1017 = FACE_OUTER_BOUND ( 'NONE', #2403, .T. ) ;
#1018 = CARTESIAN_POINT ( 'NONE',  ( 0.7250000000000004219, 0.05000000000000000278, -0.1249999999999967248 ) ) ;
#1019 = ORIENTED_EDGE ( 'NONE', *, *, #1861, .F. ) ;
#1020 = MECHANICAL_DESIGN_GEOMETRIC_PRESENTATION_REPRESENTATION (  '', ( #657 ), #1820 ) ;
#1021 = ORIENTED_EDGE ( 'NONE', *, *, #379, .F. ) ;
#1022 = VECTOR ( 'NONE', #2712, 1000.000000000000000 ) ;
#1023 = STYLED_ITEM ( 'NONE', ( #712 ), #2264 ) ;
#1024 = EDGE_CURVE ( 'NONE', #425, #1893, #1005, .T. ) ;
#1025 = CARTESIAN_POINT ( 'NONE',  ( 0.7249999999999999778, 0.05000000000000000278, 2.965004839655473062E-15 ) ) ;
#1026 = EDGE_LOOP ( 'NONE', ( #1361, #405, #1744, #1815 ) ) ;
#1027 = FACE_OUTER_BOUND ( 'NONE', #1593, .T. ) ;
#1028 = AXIS2_PLACEMENT_3D ( 'NONE', #1252, #1915, #409 ) ;
#1029 = AXIS2_PLACEMENT_3D ( 'NONE', #1004, #2726, #1845 ) ;
#1030 = EDGE_CURVE ( 'NONE', #2297, #283, #1611, .T. ) ;
#1031 = CARTESIAN_POINT ( 'NONE',  ( 1.000000000000002665, 0.1000000000000000056, -0.7749999999999956923 ) ) ;
#1032 = VECTOR ( 'NONE', #1102, 1000.000000000000000 ) ;
#1033 = LINE ( 'NONE', #2305, #805 ) ;
#1034 = DIRECTION ( 'NONE',  ( 1.000000000000000000, -0.000000000000000000, 1.914459997046036140E-15 ) ) ;
#1035 = EDGE_CURVE ( 'NONE', #1305, #1498, #557, .T. ) ;
#1036 = PRESENTATION_LAYER_ASSIGNMENT (  '', '', ( #1739 ) ) ;
#1037 = CARTESIAN_POINT ( 'NONE',  ( 0.9999999999999983347, 0.1000000000000000056, 0.5250000000000042411 ) ) ;
#1038 = VERTEX_POINT ( 'NONE', #2036 ) ;
#1039 = DIRECTION ( 'NONE',  ( 0.000000000000000000, 1.000000000000000000, 0.000000000000000000 ) ) ;
#1040 = ORIENTED_EDGE ( 'NONE', *, *, #18, .T. ) ;
#1041 = DIRECTION ( 'NONE',  ( 1.000000000000000000, 0.000000000000000000, 3.491481338843133355E-15 ) ) ;
#1042 = DIRECTION ( 'NONE',  ( -1.000000000000000000, 0.000000000000000000, -3.469446951953622866E-15 ) ) ;
#1043 = CARTESIAN_POINT ( 'NONE',  ( -0.9999999999999995559, 0.09999999999999999167, -0.1250000000000027478 ) ) ;
#1044 = CARTESIAN_POINT ( 'NONE',  ( -0.3249999999999980127, 0.1000000000000000472, -0.5250000000000007994 ) ) ;
#1045 = CARTESIAN_POINT ( 'NONE',  ( -0.9999999999999983347, 0.09999999999999999167, -0.5250000000000029088 ) ) ;
#1046 = ADVANCED_FACE ( 'NONE', ( #543 ), #339, .F. ) ;
#1047 = EDGE_LOOP ( 'NONE', ( #504, #902, #1900, #1572 ) ) ;
#1048 = CIRCLE ( 'NONE', #2612, 0.1249999999999996808 ) ;
#1049 = DIRECTION ( 'NONE',  ( -0.000000000000000000, -1.000000000000000000, 0.000000000000000000 ) ) ;
#1050 = ORIENTED_EDGE ( 'NONE', *, *, #1716, .F. ) ;
#1051 = AXIS2_PLACEMENT_3D ( 'NONE', #581, #777, #2073 ) ;
#1052 = AXIS2_PLACEMENT_3D ( 'NONE', #2276, #2489, #360 ) ;
#1053 = DIRECTION ( 'NONE',  ( 1.000000000000000000, 0.000000000000000000, 3.491481338843133355E-15 ) ) ;
#1054 = CYLINDRICAL_SURFACE ( 'NONE', #778, 0.1249999999999996808 ) ;
#1055 = ORIENTED_EDGE ( 'NONE', *, *, #2360, .T. ) ;
#1056 = CARTESIAN_POINT ( 'NONE',  ( -0.9999999999999983347, 0.1000000000000000056, -0.5250000000000029088 ) ) ;
#1057 = DIRECTION ( 'NONE',  ( 0.000000000000000000, -1.000000000000000000, -0.000000000000000000 ) ) ;
#1058 = PLANE ( 'NONE',  #123 ) ;
#1059 = ORIENTED_EDGE ( 'NONE', *, *, #2088, .F. ) ;
#1060 = EDGE_CURVE ( 'NONE', #1117, #2738, #751, .T. ) ;
#1061 = LINE ( 'NONE', #240, #2141 ) ;
#1062 = CARTESIAN_POINT ( 'NONE',  ( -0.9999999999999970024, 0.5500000000000001554, -1.000000000000003553 ) ) ;
#1063 = AXIS2_PLACEMENT_3D ( 'NONE', #1248, #2106, #2727 ) ;
#1064 = ORIENTED_EDGE ( 'NONE', *, *, #841, .T. ) ;
#1065 = DIRECTION ( 'NONE',  ( -0.000000000000000000, -1.000000000000000000, -0.000000000000000000 ) ) ;
#1066 = LINE ( 'NONE', #1698, #514 ) ;
#1067 = EDGE_CURVE ( 'NONE', #2324, #1146, #2243, .T. ) ;
#1068 = VERTEX_POINT ( 'NONE', #767 ) ;
#1069 = VECTOR ( 'NONE', #1456, 1000.000000000000000 ) ;
#1070 = LINE ( 'NONE', #1516, #2698 ) ;
#1071 = ORIENTED_EDGE ( 'NONE', *, *, #960, .T. ) ;
#1072 = VECTOR ( 'NONE', #2661, 1000.000000000000000 ) ;
#1073 = DIRECTION ( 'NONE',  ( 0.000000000000000000, -1.000000000000000000, 0.000000000000000000 ) ) ;
#1074 = CARTESIAN_POINT ( 'NONE',  ( 0.7249999999999976463, 0.1000000000000000056, 0.6500000000000029088 ) ) ;
#1075 = ORIENTED_EDGE ( 'NONE', *, *, #250, .F. ) ;
#1076 = EDGE_CURVE ( 'NONE', #594, #1922, #1565, .T. ) ;
#1077 = CARTESIAN_POINT ( 'NONE',  ( -0.7249999999999976463, 0.1000000000000000056, -0.6500000000000015765 ) ) ;
#1078 = EDGE_CURVE ( 'NONE', #58, #1451, #996, .T. ) ;
#1079 = LINE ( 'NONE', #700, #2671 ) ;
#1080 = DIRECTION ( 'NONE',  ( 3.491481338843133355E-15, 0.000000000000000000, -1.000000000000000000 ) ) ;
#1081 = FACE_OUTER_BOUND ( 'NONE', #2176, .T. ) ;
#1082 = CARTESIAN_POINT ( 'NONE',  ( -0.7249999999999999778, 0.1000000000000000056, -1.663962232672867938E-15 ) ) ;
#1083 = ORIENTED_EDGE ( 'NONE', *, *, #2431, .F. ) ;
#1084 = LINE ( 'NONE', #1724, #2722 ) ;
#1085 = LINE ( 'NONE', #1995, #351 ) ;
#1086 = EDGE_LOOP ( 'NONE', ( #2175, #787, #738, #590 ) ) ;
#1087 = AXIS2_PLACEMENT_3D ( 'NONE', #1821, #2287, #994 ) ;
#1088 = CARTESIAN_POINT ( 'NONE',  ( -0.7249999999999980904, 0.5716990566028298248, -0.5250000000000019096 ) ) ;
#1089 = CYLINDRICAL_SURFACE ( 'NONE', #1705, 0.1249999999999996808 ) ;
#1090 = EDGE_LOOP ( 'NONE', ( #2294, #1268, #1055, #824 ) ) ;
#1091 = AXIS2_PLACEMENT_3D ( 'NONE', #1159, #702, #2386 ) ;
#1092 = PLANE ( 'NONE',  #1772 ) ;
#1093 = DIRECTION ( 'NONE',  ( 1.000000000000000000, 0.000000000000000000, 3.469446951953622866E-15 ) ) ;
#1094 = DIRECTION ( 'NONE',  ( -0.000000000000000000, -1.000000000000000000, 0.000000000000000000 ) ) ;
#1095 = AXIS2_PLACEMENT_3D ( 'NONE', #328, #1811, #2528 ) ;
#1096 = EDGE_CURVE ( 'NONE', #2740, #803, #261, .T. ) ;
#1097 = VERTEX_POINT ( 'NONE', #1860 ) ;
#1098 = CARTESIAN_POINT ( 'NONE',  ( 0.7249999999999972022, 0.5716990566028298248, 0.7750000000000025757 ) ) ;
#1099 = CARTESIAN_POINT ( 'NONE',  ( -0.2000000000000026756, 0.1000000000000000472, 0.7249999999999994227 ) ) ;
#1100 = ORIENTED_EDGE ( 'NONE', *, *, #191, .T. ) ;
#1101 = VERTEX_POINT ( 'NONE', #2713 ) ;
#1102 = DIRECTION ( 'NONE',  ( 0.000000000000000000, -1.000000000000000000, 0.000000000000000000 ) ) ;
#1103 = ORIENTED_EDGE ( 'NONE', *, *, #1239, .F. ) ;
#1104 = VERTEX_POINT ( 'NONE', #806 ) ;
#1105 = DIRECTION ( 'NONE',  ( 1.000000000000000000, 0.000000000000000000, 3.395552988801315578E-15 ) ) ;
#1106 = VERTEX_POINT ( 'NONE', #1014 ) ;
#1107 = VECTOR ( 'NONE', #1034, 1000.000000000000000 ) ;
#1108 = CARTESIAN_POINT ( 'NONE',  ( 0.7250000000000021982, 0.000000000000000000, -0.6499999999999970246 ) ) ;
#1109 = DIRECTION ( 'NONE',  ( 1.000000000000000000, 0.000000000000000000, 3.491481338843133355E-15 ) ) ;
#1110 = EDGE_CURVE ( 'NONE', #1604, #1432, #2076, .T. ) ;
#1111 = STYLED_ITEM ( 'NONE', ( #2626 ), #2254 ) ;
#1112 = ORIENTED_EDGE ( 'NONE', *, *, #1235, .T. ) ;
#1113 = DIRECTION ( 'NONE',  ( 0.000000000000000000, -1.000000000000000000, 0.000000000000000000 ) ) ;
#1114 =( GEOMETRIC_REPRESENTATION_CONTEXT ( 3 ) GLOBAL_UNCERTAINTY_ASSIGNED_CONTEXT ( ( #2660 ) ) GLOBAL_UNIT_ASSIGNED_CONTEXT ( ( #2608, #2387, #2160 ) ) REPRESENTATION_CONTEXT ( 'NONE', 'WORKASPACE' ) );
#1115 = EDGE_LOOP ( 'NONE', ( #1851, #1532, #2290, #1559 ) ) ;
#1116 = ADVANCED_FACE ( 'NONE', ( #1433 ), #2286, .T. ) ;
#1117 = VERTEX_POINT ( 'NONE', #730 ) ;
#1118 = DIRECTION ( 'NONE',  ( 1.000000000000000000, -0.000000000000000000, 1.914459997046036140E-15 ) ) ;
#1119 = AXIS2_PLACEMENT_3D ( 'NONE', #2646, #2020, #86 ) ;
#1120 = ORIENTED_EDGE ( 'NONE', *, *, #1704, .F. ) ;
#1121 = CARTESIAN_POINT ( 'NONE',  ( -0.6000000000000025313, 0.1000000000000000056, 0.6499999999999988010 ) ) ;
#1122 = VERTEX_POINT ( 'NONE', #72 ) ;
#1123 = LINE ( 'NONE', #2412, #2095 ) ;
#1124 = CARTESIAN_POINT ( 'NONE',  ( -0.7322777255331893720, 0.4500000000000000666, -0.7156693573399769415 ) ) ;
#1125 = EDGE_LOOP ( 'NONE', ( #247, #1728, #665, #110, #1426 ) ) ;
#1126 = DIRECTION ( 'NONE',  ( -0.000000000000000000, -1.000000000000000000, 0.000000000000000000 ) ) ;
#1127 = DIRECTION ( 'NONE',  ( -1.000000000000000000, 0.000000000000000000, -3.491481338843133355E-15 ) ) ;
#1128 = EDGE_LOOP ( 'NONE', ( #1512, #919, #2651, #1903 ) ) ;
#1129 = VERTEX_POINT ( 'NONE', #1802 ) ;
#1130 = FILL_AREA_STYLE ('',( #93 ) ) ;
#1131 = LINE ( 'NONE', #112, #1962 ) ;
#1132 = EDGE_LOOP ( 'NONE', ( #2048, #1120, #853, #2622, #1755 ) ) ;
#1133 = EDGE_CURVE ( 'NONE', #1230, #2032, #954, .T. ) ;
#1134 = DIRECTION ( 'NONE',  ( -1.000000000000000000, 0.000000000000000000, -3.491481338843133355E-15 ) ) ;
#1135 = VERTEX_POINT ( 'NONE', #2197 ) ;
#1136 = ADVANCED_FACE ( 'NONE', ( #100 ), #522, .F. ) ;
#1137 = DIRECTION ( 'NONE',  ( -0.000000000000000000, -1.000000000000000000, 0.000000000000000000 ) ) ;
#1138 = DIRECTION ( 'NONE',  ( -3.274640904346032468E-15, 0.000000000000000000, 1.000000000000000000 ) ) ;
#1139 = CARTESIAN_POINT ( 'NONE',  ( -1.000000000000001776, 0.09999999999999999167, 0.5249999999999972466 ) ) ;
#1140 = DIRECTION ( 'NONE',  ( -0.000000000000000000, -1.000000000000000000, 0.000000000000000000 ) ) ;
#1141 = LINE ( 'NONE', #1734, #1807 ) ;
#1142 = AXIS2_PLACEMENT_3D ( 'NONE', #1336, #2174, #2004 ) ;
#1143 = ORIENTED_EDGE ( 'NONE', *, *, #47, .F. ) ;
#1144 = ADVANCED_FACE ( 'NONE', ( #554, #270 ), #2658, .T. ) ;
#1145 = EDGE_LOOP ( 'NONE', ( #65, #1576, #63, #202 ) ) ;
#1146 = VERTEX_POINT ( 'NONE', #2471 ) ;
#1147 = EDGE_CURVE ( 'NONE', #2379, #656, #288, .T. ) ;
#1148 = LINE ( 'NONE', #490, #1519 ) ;
#1149 = EDGE_CURVE ( 'NONE', #861, #1858, #1689, .T. ) ;
#1150 = ORIENTED_EDGE ( 'NONE', *, *, #2720, .F. ) ;
#1151 = CARTESIAN_POINT ( 'NONE',  ( 0.7249999999999972022, 0.1000000000000000056, 0.7750000000000025757 ) ) ;
#1152 = ORIENTED_EDGE ( 'NONE', *, *, #1067, .T. ) ;
#1153 = PLANE ( 'NONE',  #715 ) ;
#1154 = CARTESIAN_POINT ( 'NONE',  ( 0.7249999999999999778, 0.1000000000000000056, 2.965004839655473062E-15 ) ) ;
#1155 = ORIENTED_EDGE ( 'NONE', *, *, #916, .T. ) ;
#1156 = UNCERTAINTY_MEASURE_WITH_UNIT (LENGTH_MEASURE( 1.000000000000000082E-05 ), #1354, 'distance_accuracy_value', 'NONE');
#1157 = EDGE_CURVE ( 'NONE', #1176, #2263, #2444, .T. ) ;
#1158 = DIRECTION ( 'NONE',  ( 0.000000000000000000, -1.000000000000000000, 0.000000000000000000 ) ) ;
#1159 = CARTESIAN_POINT ( 'NONE',  ( -1.000000000000003553, 3.928427124746190824, 0.9999999999999965583 ) ) ;
#1160 = APPLICATION_PROTOCOL_DEFINITION ( 'draft international standard', 'automotive_design', 1998, #2414 ) ;
#1161 = EDGE_LOOP ( 'NONE', ( #198, #1355, #675, #1262 ) ) ;
#1162 = VECTOR ( 'NONE', #1955, 1000.000000000000000 ) ;
#1163 = CARTESIAN_POINT ( 'NONE',  ( 0.7249999999999995337, 0.000000000000000000, 0.1250000000000026368 ) ) ;
#1164 = ORIENTED_EDGE ( 'NONE', *, *, #761, .F. ) ;
#1165 = VECTOR ( 'NONE', #2182, 1000.000000000000000 ) ;
#1166 = CARTESIAN_POINT ( 'NONE',  ( 0.9999999999999983347, 0.5716990566028298248, 0.5250000000000042411 ) ) ;
#1167 = ORIENTED_EDGE ( 'NONE', *, *, #2267, .F. ) ;
#1168 = AXIS2_PLACEMENT_3D ( 'NONE', #369, #1226, #148 ) ;
#1169 =( GEOMETRIC_REPRESENTATION_CONTEXT ( 3 ) GLOBAL_UNCERTAINTY_ASSIGNED_CONTEXT ( ( #724 ) ) GLOBAL_UNIT_ASSIGNED_CONTEXT ( ( #330, #2194, #2249 ) ) REPRESENTATION_CONTEXT ( 'NONE', 'WORKASPACE' ) );
#1170 = CARTESIAN_POINT ( 'NONE',  ( 0.9999999999999965583, 3.928427124746190824, 1.000000000000003553 ) ) ;
#1171 = CARTESIAN_POINT ( 'NONE',  ( -0.5999999999999979794, 0.09999999999999999167, -0.6500000000000011324 ) ) ;
#1172 = EDGE_CURVE ( 'NONE', #2625, #1010, #2225, .T. ) ;
#1173 = DIRECTION ( 'NONE',  ( -1.000000000000000000, 0.000000000000000000, -3.491481338843133355E-15 ) ) ;
#1174 = ORIENTED_EDGE ( 'NONE', *, *, #136, .F. ) ;
#1175 = DIRECTION ( 'NONE',  ( -0.000000000000000000, -1.000000000000000000, -0.000000000000000000 ) ) ;
#1176 = VERTEX_POINT ( 'NONE', #60 ) ;
#1177 = DIRECTION ( 'NONE',  ( -3.274640904346032468E-15, 0.000000000000000000, 1.000000000000000000 ) ) ;
#1178 = DIRECTION ( 'NONE',  ( 0.000000000000000000, -1.000000000000000000, 0.000000000000000000 ) ) ;
#1179 = ORIENTED_EDGE ( 'NONE', *, *, #2478, .F. ) ;
#1180 = DIRECTION ( 'NONE',  ( 0.000000000000000000, -1.000000000000000000, -0.000000000000000000 ) ) ;
#1181 = SURFACE_SIDE_STYLE ('',( #2429 ) ) ;
#1182 = DIRECTION ( 'NONE',  ( 5.068502680640230570E-15, 0.000000000000000000, -1.000000000000000000 ) ) ;
#1183 = CARTESIAN_POINT ( 'NONE',  ( -1.000000000000002665, 0.000000000000000000, 0.7749999999999970246 ) ) ;
#1184 = CARTESIAN_POINT ( 'NONE',  ( 1.000000000000002665, 0.1000000000000000056, -0.7749999999999956923 ) ) ;
#1185 = ORIENTED_EDGE ( 'NONE', *, *, #2207, .F. ) ;
#1186 = AXIS2_PLACEMENT_3D ( 'NONE', #276, #1497, #1874 ) ;
#1187 = FACE_OUTER_BOUND ( 'NONE', #1494, .T. ) ;
#1188 = AXIS2_PLACEMENT_3D ( 'NONE', #1420, #539, #2481 ) ;
#1189 = ORIENTED_EDGE ( 'NONE', *, *, #616, .T. ) ;
#1190 = VECTOR ( 'NONE', #2636, 1000.000000000000000 ) ;
#1191 = FILL_AREA_STYLE ('',( #977 ) ) ;
#1192 = CARTESIAN_POINT ( 'NONE',  ( -0.9999999999999995559, 0.1000000000000000056, -0.1250000000000027478 ) ) ;
#1193 = CARTESIAN_POINT ( 'NONE',  ( -0.5999999999999979794, 0.1000000000000000056, -0.6500000000000011324 ) ) ;
#1194 = ORIENTED_EDGE ( 'NONE', *, *, #340, .F. ) ;
#1195 = EDGE_CURVE ( 'NONE', #1658, #1101, #1771, .T. ) ;
#1196 = FACE_OUTER_BOUND ( 'NONE', #1128, .T. ) ;
#1197 =( NAMED_UNIT ( * ) PLANE_ANGLE_UNIT ( ) SI_UNIT ( $, .RADIAN. ) );
#1198 = CARTESIAN_POINT ( 'NONE',  ( -0.7249999999999999778, 0.05000000000000000278, -1.663962232672867938E-15 ) ) ;
#1199 = CARTESIAN_POINT ( 'NONE',  ( 1.000000000000001776, 0.1000000000000000056, -0.5249999999999959144 ) ) ;
#1200 = DIRECTION ( 'NONE',  ( 0.000000000000000000, 1.000000000000000000, 0.000000000000000000 ) ) ;
#1201 = EDGE_CURVE ( 'NONE', #2084, #642, #1309, .T. ) ;
#1202 = CIRCLE ( 'NONE', #2744, 0.1249999999999996808 ) ;
#1203 = EDGE_CURVE ( 'NONE', #2024, #437, #1503, .T. ) ;
#1204 = CARTESIAN_POINT ( 'NONE',  ( -0.7250000000000017542, 0.1000000000000000056, 0.5249999999999982458 ) ) ;
#1205 = ORIENTED_EDGE ( 'NONE', *, *, #2311, .F. ) ;
#1206 = COLOUR_RGB ( '',0.7960784313725489669, 0.8235294117647058432, 0.9372549019607843146 ) ;
#1207 = DIRECTION ( 'NONE',  ( -0.000000000000000000, -1.000000000000000000, 0.000000000000000000 ) ) ;
#1208 = EDGE_CURVE ( 'NONE', #2729, #526, #472, .T. ) ;
#1209 = CARTESIAN_POINT ( 'NONE',  ( -0.7250000000000017542, 0.5716990566028298248, 0.5249999999999982458 ) ) ;
#1210 = ORIENTED_EDGE ( 'NONE', *, *, #1412, .T. ) ;
#1211 = VECTOR ( 'NONE', #2014, 1000.000000000000000 ) ;
#1212 = FACE_OUTER_BOUND ( 'NONE', #1966, .T. ) ;
#1213 = FACE_OUTER_BOUND ( 'NONE', #931, .T. ) ;
#1214 = CARTESIAN_POINT ( 'NONE',  ( -0.6045574777784051834, 0.5500000000000000444, -0.7156693573399766084 ) ) ;
#1215 = CYLINDRICAL_SURFACE ( 'NONE', #537, 0.1249999999999996808 ) ;
#1216 = VECTOR ( 'NONE', #1158, 1000.000000000000000 ) ;
#1217 = DIRECTION ( 'NONE',  ( 3.491481338843133355E-15, 0.000000000000000000, -1.000000000000000000 ) ) ;
#1218 = ORIENTED_EDGE ( 'NONE', *, *, #503, .F. ) ;
#1219 = ADVANCED_FACE ( 'NONE', ( #637 ), #866, .T. ) ;
#1220 = FACE_OUTER_BOUND ( 'NONE', #862, .T. ) ;
#1221 = LINE ( 'NONE', #1389, #2628 ) ;
#1222 = ORIENTED_EDGE ( 'NONE', *, *, #1745, .T. ) ;
#1223 = ADVANCED_FACE ( 'NONE', ( #2392 ), #239, .F. ) ;
#1224 = EDGE_CURVE ( 'NONE', #252, #1135, #1327, .T. ) ;
#1225 = CARTESIAN_POINT ( 'NONE',  ( -0.7249999999999980904, 0.09999999999999999167, -0.5250000000000019096 ) ) ;
#1226 = DIRECTION ( 'NONE',  ( 0.000000000000000000, -1.000000000000000000, 0.000000000000000000 ) ) ;
#1227 = PLANE ( 'NONE',  #1087 ) ;
#1228 = CARTESIAN_POINT ( 'NONE',  ( 0.7250000000000004219, 0.1000000000000000056, -0.1249999999999967248 ) ) ;
#1229 = DIRECTION ( 'NONE',  ( 0.000000000000000000, -1.000000000000000000, 0.000000000000000000 ) ) ;
#1230 = VERTEX_POINT ( 'NONE', #2151 ) ;
#1231 = LINE ( 'NONE', #2083, #2096 ) ;
#1232 = EDGE_CURVE ( 'NONE', #2202, #512, #1084, .T. ) ;
#1233 = LINE ( 'NONE', #1037, #1651 ) ;
#1234 = ORIENTED_EDGE ( 'NONE', *, *, #433, .T. ) ;
#1235 = EDGE_CURVE ( 'NONE', #1329, #1104, #1946, .T. ) ;
#1236 = LINE ( 'NONE', #2268, #2486 ) ;
#1237 = ORIENTED_EDGE ( 'NONE', *, *, #363, .T. ) ;
#1238 = DIRECTION ( 'NONE',  ( 1.000000000000000000, 0.000000000000000000, 5.068502680640230570E-15 ) ) ;
#1239 = EDGE_CURVE ( 'NONE', #170, #2024, #899, .T. ) ;
#1240 = FACE_OUTER_BOUND ( 'NONE', #1125, .T. ) ;
#1241 = FACE_OUTER_BOUND ( 'NONE', #695, .T. ) ;
#1242 = ORIENTED_EDGE ( 'NONE', *, *, #2328, .T. ) ;
#1243 = STYLED_ITEM ( 'NONE', ( #1859 ), #441 ) ;
#1244 = CARTESIAN_POINT ( 'NONE',  ( -1.000000000000003553, 3.928427124746190824, 0.9999999999999965583 ) ) ;
#1245 = ORIENTED_EDGE ( 'NONE', *, *, #1208, .F. ) ;
#1246 = DIRECTION ( 'NONE',  ( 1.000000000000000000, 0.000000000000000000, 3.491481338843133355E-15 ) ) ;
#1247 = EDGE_CURVE ( 'NONE', #2562, #1146, #2598, .T. ) ;
#1248 = CARTESIAN_POINT ( 'NONE',  ( -0.7249999999999976463, 0.1000000000000000056, -0.6500000000000015765 ) ) ;
#1249 = EDGE_CURVE ( 'NONE', #2502, #289, #2125, .T. ) ;
#1250 = AXIS2_PLACEMENT_3D ( 'NONE', #57, #111, #948 ) ;
#1251 = DIRECTION ( 'NONE',  ( -1.000000000000000000, 0.000000000000000000, -3.491481338843133355E-15 ) ) ;
#1252 = CARTESIAN_POINT ( 'NONE',  ( -0.2000000000000026756, 1.689024858207070379, 0.7249999999999994227 ) ) ;
#1253 = ORIENTED_EDGE ( 'NONE', *, *, #1699, .F. ) ;
#1254 = LINE ( 'NONE', #1281, #1338 ) ;
#1255 = ORIENTED_EDGE ( 'NONE', *, *, #320, .T. ) ;
#1256 = CARTESIAN_POINT ( 'NONE',  ( -1.000000000000000444, 0.5716990566028298248, 0.1249999999999970440 ) ) ;
#1257 = CARTESIAN_POINT ( 'NONE',  ( 0.9999999999999995559, 0.5716990566028298248, 0.1250000000000040523 ) ) ;
#1258 = DIRECTION ( 'NONE',  ( 1.000000000000000000, -0.000000000000000000, 1.914459997046036140E-15 ) ) ;
#1259 = LINE ( 'NONE', #1571, #762 ) ;
#1260 = LINE ( 'NONE', #1876, #2211 ) ;
#1261 = LINE ( 'NONE', #1099, #973 ) ;
#1262 = ORIENTED_EDGE ( 'NONE', *, *, #1684, .T. ) ;
#1263 = AXIS2_PLACEMENT_3D ( 'NONE', #1124, #1334, #260 ) ;
#1264 = CARTESIAN_POINT ( 'NONE',  ( -0.7249999999999972022, 0.1000000000000000056, -0.7750000000000016875 ) ) ;
#1265 = LINE ( 'NONE', #1725, #2500 ) ;
#1266 = SURFACE_STYLE_FILL_AREA ( #2337 ) ;
#1267 = MANIFOLD_SOLID_BREP ( 'Body-Move/Copy1[6]', #282 ) ;
#1268 = ORIENTED_EDGE ( 'NONE', *, *, #343, .T. ) ;
#1269 = CIRCLE ( 'NONE', #568, 0.1249999999999996808 ) ;
#1270 = CARTESIAN_POINT ( 'NONE',  ( -1.000000000000000444, 0.09999999999999999167, 0.1249999999999970440 ) ) ;
#1271 = ADVANCED_FACE ( 'NONE', ( #458 ), #1280, .T. ) ;
#1272 = ORIENTED_EDGE ( 'NONE', *, *, #346, .T. ) ;
#1273 = ORIENTED_EDGE ( 'NONE', *, *, #917, .T. ) ;
#1274 = VERTEX_POINT ( 'NONE', #2361 ) ;
#1275 = MANIFOLD_SOLID_BREP ( 'Body-Move/Copy1[5]', #2735 ) ;
#1276 = EDGE_CURVE ( 'NONE', #2358, #1782, #66, .T. ) ;
#1277 = DIRECTION ( 'NONE',  ( -3.491481338843133355E-15, 0.000000000000000000, 1.000000000000000000 ) ) ;
#1278 = VERTEX_POINT ( 'NONE', #2584 ) ;
#1279 = ADVANCED_FACE ( 'NONE', ( #2219 ), #551, .F. ) ;
#1280 = PLANE ( 'NONE',  #397 ) ;
#1281 = CARTESIAN_POINT ( 'NONE',  ( 1.000000000000000444, 0.1000000000000000056, -0.1249999999999957534 ) ) ;
#1282 = AXIS2_PLACEMENT_3D ( 'NONE', #1470, #630, #850 ) ;
#1283 = EDGE_LOOP ( 'NONE', ( #1351, #1763, #1669, #1979 ) ) ;
#1284 = DIRECTION ( 'NONE',  ( 0.000000000000000000, -1.000000000000000000, 0.000000000000000000 ) ) ;
#1285 = VECTOR ( 'NONE', #2695, 1000.000000000000000 ) ;
#1286 = DIRECTION ( 'NONE',  ( 1.000000000000000000, 0.000000000000000000, 3.469446951953622866E-15 ) ) ;
#1287 = DIRECTION ( 'NONE',  ( 0.000000000000000000, 1.000000000000000000, 0.000000000000000000 ) ) ;
#1288 = CARTESIAN_POINT ( 'NONE',  ( -0.9999999999999970024, 3.928427124746190824, -1.000000000000003553 ) ) ;
#1289 = VECTOR ( 'NONE', #2291, 1000.000000000000000 ) ;
#1290 = DIRECTION ( 'NONE',  ( -3.491481338843133355E-15, 0.000000000000000000, 1.000000000000000000 ) ) ;
#1291 = ORIENTED_EDGE ( 'NONE', *, *, #94, .F. ) ;
#1292 = EDGE_LOOP ( 'NONE', ( #2451, #2153, #468, #494 ) ) ;
#1293 = VECTOR ( 'NONE', #918, 1000.000000000000000 ) ;
#1294 = CARTESIAN_POINT ( 'NONE',  ( 0.7250000000000026423, 0.5716990566028298248, -0.7749999999999966915 ) ) ;
#1295 = ORIENTED_EDGE ( 'NONE', *, *, #2185, .F. ) ;
#1296 = VECTOR ( 'NONE', #267, 1000.000000000000000 ) ;
#1297 = DIRECTION ( 'NONE',  ( 1.000000000000000000, 0.000000000000000000, 2.624119600854728625E-15 ) ) ;
#1298 = ORIENTED_EDGE ( 'NONE', *, *, #2280, .T. ) ;
#1299 = CARTESIAN_POINT ( 'NONE',  ( 0.3249999999999978462, 1.689024858207070379, 0.6000000000000013101 ) ) ;
#1300 = EDGE_CURVE ( 'NONE', #1718, #1312, #1393, .T. ) ;
#1301 = VERTEX_POINT ( 'NONE', #2452 ) ;
#1302 = EDGE_CURVE ( 'NONE', #2251, #1865, #1148, .T. ) ;
#1303 = CARTESIAN_POINT ( 'NONE',  ( 0.7249999999999995337, 0.1000000000000000056, 0.1250000000000026368 ) ) ;
#1304 = CYLINDRICAL_SURFACE ( 'NONE', #687, 0.1249999999999996808 ) ;
#1305 = VERTEX_POINT ( 'NONE', #297 ) ;
#1306 = CARTESIAN_POINT ( 'NONE',  ( -0.9999999999999974465, 0.1000000000000000056, -0.7750000000000026867 ) ) ;
#1307 = ORIENTED_EDGE ( 'NONE', *, *, #1568, .F. ) ;
#1308 = ORIENTED_EDGE ( 'NONE', *, *, #2560, .T. ) ;
#1309 = LINE ( 'NONE', #411, #2062 ) ;
#1310 = DIRECTION ( 'NONE',  ( -1.000000000000000000, 0.000000000000000000, -5.068502680640230570E-15 ) ) ;
#1311 = DIRECTION ( 'NONE',  ( -1.000000000000000000, 0.000000000000000000, -3.491481338843133355E-15 ) ) ;
#1312 = VERTEX_POINT ( 'NONE', #2653 ) ;
#1313 = AXIS2_PLACEMENT_3D ( 'NONE', #2578, #1928, #2162 ) ;
#1314 = CYLINDRICAL_SURFACE ( 'NONE', #1388, 0.1277202477547841331 ) ;
#1315 = EDGE_CURVE ( 'NONE', #1301, #1922, #2615, .T. ) ;
#1316 = ORIENTED_EDGE ( 'NONE', *, *, #1594, .T. ) ;
#1317 = EDGE_CURVE ( 'NONE', #1702, #799, #2406, .T. ) ;
#1318 = AXIS2_PLACEMENT_3D ( 'NONE', #992, #1598, #2050 ) ;
#1319 = DIRECTION ( 'NONE',  ( -3.491481338843133355E-15, 0.000000000000000000, 1.000000000000000000 ) ) ;
#1320 = DIRECTION ( 'NONE',  ( 1.000000000000000000, 0.000000000000000000, 3.469446951953622866E-15 ) ) ;
#1321 = LINE ( 'NONE', #511, #829 ) ;
#1322 = ADVANCED_FACE ( 'NONE', ( #1577 ), #2426, .F. ) ;
#1323 = ORIENTED_EDGE ( 'NONE', *, *, #1926, .F. ) ;
#1324 = DIRECTION ( 'NONE',  ( 1.000000000000000000, 0.000000000000000000, 3.491481338843133355E-15 ) ) ;
#1325 = ORIENTED_EDGE ( 'NONE', *, *, #113, .F. ) ;
#1326 = ORIENTED_EDGE ( 'NONE', *, *, #1405, .F. ) ;
#1327 = LINE ( 'NONE', #1264, #2589 ) ;
#1328 = CARTESIAN_POINT ( 'NONE',  ( -1.000000000000000444, 0.000000000000000000, 0.1249999999999970440 ) ) ;
#1329 = VERTEX_POINT ( 'NONE', #516 ) ;
#1330 =( NAMED_UNIT ( * ) SI_UNIT ( $, .STERADIAN. ) SOLID_ANGLE_UNIT ( ) );
#1331 = MANIFOLD_SOLID_BREP ( 'Body-Move/Copy1[2]', #1634 ) ;
#1332 = EDGE_LOOP ( 'NONE', ( #2310, #1953, #1307, #2594, #1562 ) ) ;
#1333 = CARTESIAN_POINT ( 'NONE',  ( -0.7250000000000004219, 0.1000000000000000056, 0.1249999999999980294 ) ) ;
#1334 = DIRECTION ( 'NONE',  ( 0.000000000000000000, 1.000000000000000000, 0.000000000000000000 ) ) ;
#1335 = CARTESIAN_POINT ( 'NONE',  ( 0.7250000000000004219, 0.5716990566028298248, -0.1249999999999967248 ) ) ;
#1336 = CARTESIAN_POINT ( 'NONE',  ( 0.7249999999999972022, 0.1000000000000000056, 0.7750000000000025757 ) ) ;
#1337 = FILL_AREA_STYLE ('',( #2433 ) ) ;
#1338 = VECTOR ( 'NONE', #1049, 1000.000000000000000 ) ;
#1339 = ORIENTED_EDGE ( 'NONE', *, *, #340, .T. ) ;
#1340 = DIRECTION ( 'NONE',  ( -1.000000000000000000, 0.000000000000000000, -3.469446951953622866E-15 ) ) ;
#1341 = EDGE_CURVE ( 'NONE', #1865, #693, #2438, .T. ) ;
#1342 = VECTOR ( 'NONE', #1284, 1000.000000000000000 ) ;
#1343 = VECTOR ( 'NONE', #573, 1000.000000000000000 ) ;
#1344 = EDGE_CURVE ( 'NONE', #1529, #488, #591, .T. ) ;
#1345 = EDGE_CURVE ( 'NONE', #2248, #9, #2147, .T. ) ;
#1346 = VERTEX_POINT ( 'NONE', #479 ) ;
#1347 = ORIENTED_EDGE ( 'NONE', *, *, #1480, .T. ) ;
#1348 = SURFACE_STYLE_USAGE ( .BOTH. , #2045 ) ;
#1349 = AXIS2_PLACEMENT_3D ( 'NONE', #1377, #2229, #2270 ) ;
#1350 = CARTESIAN_POINT ( 'NONE',  ( -1.000000000000000444, 0.000000000000000000, 0.1249999999999970440 ) ) ;
#1351 = ORIENTED_EDGE ( 'NONE', *, *, #2400, .F. ) ;
#1352 = CARTESIAN_POINT ( 'NONE',  ( -0.9999999999999974465, 0.1000000000000000056, -0.7750000000000026867 ) ) ;
#1353 = DIRECTION ( 'NONE',  ( 1.000000000000000000, 0.000000000000000000, 3.469446951953622866E-15 ) ) ;
#1354 =( LENGTH_UNIT ( ) NAMED_UNIT ( * ) SI_UNIT ( .MILLI., .METRE. ) );
#1355 = ORIENTED_EDGE ( 'NONE', *, *, #1699, .T. ) ;
#1356 = LINE ( 'NONE', #1098, #2405 ) ;
#1357 = EDGE_CURVE ( 'NONE', #2738, #2203, #497, .T. ) ;
#1358 = ORIENTED_EDGE ( 'NONE', *, *, #1608, .F. ) ;
#1359 = PRESENTATION_STYLE_ASSIGNMENT (( #1371 ) ) ;
#1360 = LINE ( 'NONE', #727, #1774 ) ;
#1361 = ORIENTED_EDGE ( 'NONE', *, *, #1711, .F. ) ;
#1362 = CARTESIAN_POINT ( 'NONE',  ( 0.9999999999999974465, 0.05000000000000000278, 0.7750000000000040190 ) ) ;
#1363 = CARTESIAN_POINT ( 'NONE',  ( -0.1249999999999966138, 0.1000000000000000472, -0.7250000000000000888 ) ) ;
#1364 = DIRECTION ( 'NONE',  ( 0.000000000000000000, -1.000000000000000000, 0.000000000000000000 ) ) ;
#1365 = FACE_OUTER_BOUND ( 'NONE', #635, .T. ) ;
#1366 = CARTESIAN_POINT ( 'NONE',  ( 0.000000000000000000, 0.000000000000000000, 0.000000000000000000 ) ) ;
#1367 = ORIENTED_EDGE ( 'NONE', *, *, #631, .F. ) ;
#1368 = CARTESIAN_POINT ( 'NONE',  ( 0.7249999999999995337, 0.09999999999999999167, 0.1250000000000026368 ) ) ;
#1369 = ORIENTED_EDGE ( 'NONE', *, *, #27, .T. ) ;
#1370 = UNCERTAINTY_MEASURE_WITH_UNIT (LENGTH_MEASURE( 1.000000000000000082E-05 ), #321, 'distance_accuracy_value', 'NONE');
#1371 = SURFACE_STYLE_USAGE ( .BOTH. , #1977 ) ;
#1372 = CARTESIAN_POINT ( 'NONE',  ( 0.7249999999999980904, 0.1000000000000000056, 0.5250000000000032419 ) ) ;
#1373 = ORIENTED_EDGE ( 'NONE', *, *, #1357, .T. ) ;
#1374 = CARTESIAN_POINT ( 'NONE',  ( -1.000000000000000444, 0.1000000000000000056, 0.1249999999999970440 ) ) ;
#1375 = EDGE_CURVE ( 'NONE', #692, #1567, #2013, .T. ) ;
#1376 = SURFACE_STYLE_USAGE ( .BOTH. , #2257 ) ;
#1377 = CARTESIAN_POINT ( 'NONE',  ( -0.7249999999999999778, 0.000000000000000000, -1.663962232672867938E-15 ) ) ;
#1378 = AXIS2_PLACEMENT_3D ( 'NONE', #1690, #619, #1657 ) ;
#1379 = CARTESIAN_POINT ( 'NONE',  ( -0.7250000000000004219, 0.09999999999999999167, 0.1249999999999975853 ) ) ;
#1380 = FACE_OUTER_BOUND ( 'NONE', #2193, .T. ) ;
#1381 = ORIENTED_EDGE ( 'NONE', *, *, #2017, .F. ) ;
#1382 = AXIS2_PLACEMENT_3D ( 'NONE', #2299, #605, #1053 ) ;
#1383 = AXIS2_PLACEMENT_3D ( 'NONE', #1074, #1039, #1661 ) ;
#1384 = DIRECTION ( 'NONE',  ( 1.000000000000000000, 0.000000000000000000, 3.491481338843133355E-15 ) ) ;
#1385 = ORIENTED_EDGE ( 'NONE', *, *, #2581, .F. ) ;
#1386 = VECTOR ( 'NONE', #2475, 1000.000000000000000 ) ;
#1387 = DIRECTION ( 'NONE',  ( 0.000000000000000000, -1.000000000000000000, 0.000000000000000000 ) ) ;
#1388 = AXIS2_PLACEMENT_3D ( 'NONE', #1923, #243, #1105 ) ;
#1389 = CARTESIAN_POINT ( 'NONE',  ( 0.9999999999999965583, 0.05000000000000000278, 1.000000000000003553 ) ) ;
#1390 = ORIENTED_EDGE ( 'NONE', *, *, #2534, .T. ) ;
#1391 = VECTOR ( 'NONE', #2690, 1000.000000000000000 ) ;
#1392 = CYLINDRICAL_SURFACE ( 'NONE', #604, 0.1249999999999996808 ) ;
#1393 = CIRCLE ( 'NONE', #2723, 0.1249999999999996808 ) ;
#1394 = EDGE_CURVE ( 'NONE', #1498, #115, #1564, .T. ) ;
#1395 = DIRECTION ( 'NONE',  ( 3.274640904346032468E-15, 0.000000000000000000, -1.000000000000000000 ) ) ;
#1396 = LINE ( 'NONE', #2244, #2256 ) ;
#1397 = CARTESIAN_POINT ( 'NONE',  ( 0.000000000000000000, 0.05000000000000000278, 0.000000000000000000 ) ) ;
#1398 = ORIENTED_EDGE ( 'NONE', *, *, #2042, .F. ) ;
#1399 = ORIENTED_EDGE ( 'NONE', *, *, #180, .F. ) ;
#1400 = ORIENTED_EDGE ( 'NONE', *, *, #1684, .F. ) ;
#1401 = LINE ( 'NONE', #775, #1428 ) ;
#1402 = ORIENTED_EDGE ( 'NONE', *, *, #2267, .T. ) ;
#1403 = CARTESIAN_POINT ( 'NONE',  ( 0.9999999999999995559, 0.000000000000000000, 0.1250000000000040523 ) ) ;
#1404 = DIRECTION ( 'NONE',  ( 1.000000000000000000, 0.000000000000000000, 3.491481338843133355E-15 ) ) ;
#1405 = EDGE_CURVE ( 'NONE', #2032, #987, #548, .T. ) ;
#1406 =( NAMED_UNIT ( * ) PLANE_ANGLE_UNIT ( ) SI_UNIT ( $, .RADIAN. ) );
#1407 = LINE ( 'NONE', #792, #953 ) ;
#1408 = EDGE_CURVE ( 'NONE', #1451, #2196, #2468, .T. ) ;
#1409 = FACE_OUTER_BOUND ( 'NONE', #2027, .T. ) ;
#1410 = FACE_OUTER_BOUND ( 'NONE', #535, .T. ) ;
#1411 = VECTOR ( 'NONE', #1482, 1000.000000000000000 ) ;
#1412 = EDGE_CURVE ( 'NONE', #2203, #1329, #1131, .T. ) ;
#1413 = DIRECTION ( 'NONE',  ( -1.000000000000000000, 0.000000000000000000, -2.624119600854729019E-15 ) ) ;
#1414 = CIRCLE ( 'NONE', #1051, 0.1277202477547841331 ) ;
#1415 = ORIENTED_EDGE ( 'NONE', *, *, #625, .T. ) ;
#1416 = DIRECTION ( 'NONE',  ( 0.000000000000000000, -1.000000000000000000, -0.000000000000000000 ) ) ;
#1417 = FACE_OUTER_BOUND ( 'NONE', #1738, .T. ) ;
#1418 = DIRECTION ( 'NONE',  ( 1.000000000000000000, 0.000000000000000000, 3.491481338843133355E-15 ) ) ;
#1419 = VERTEX_POINT ( 'NONE', #745 ) ;
#1420 = CARTESIAN_POINT ( 'NONE',  ( -0.9999999999999983347, 0.5716990566028298248, -0.5250000000000029088 ) ) ;
#1421 = PRESENTATION_STYLE_ASSIGNMENT (( #509 ) ) ;
#1422 = DIRECTION ( 'NONE',  ( -1.000000000000000000, 0.000000000000000000, -3.491481338843133355E-15 ) ) ;
#1423 = FACE_OUTER_BOUND ( 'NONE', #1788, .T. ) ;
#1424 = CARTESIAN_POINT ( 'NONE',  ( -0.1249999999999966138, 0.000000000000000000, -0.7250000000000000888 ) ) ;
#1425 = VERTEX_POINT ( 'NONE', #2683 ) ;
#1426 = ORIENTED_EDGE ( 'NONE', *, *, #1203, .T. ) ;
#1427 = EDGE_CURVE ( 'NONE', #2545, #1425, #774, .T. ) ;
#1428 = VECTOR ( 'NONE', #2479, 1000.000000000000000 ) ;
#1429 = EDGE_CURVE ( 'NONE', #987, #2579, #565, .T. ) ;
#1430 = DIRECTION ( 'NONE',  ( 0.000000000000000000, 1.000000000000000000, 0.000000000000000000 ) ) ;
#1431 = DIRECTION ( 'NONE',  ( 0.000000000000000000, -1.000000000000000000, 0.000000000000000000 ) ) ;
#1432 = VERTEX_POINT ( 'NONE', #96 ) ;
#1433 = FACE_OUTER_BOUND ( 'NONE', #2410, .T. ) ;
#1434 = CARTESIAN_POINT ( 'NONE',  ( -0.6000000000000025313, 0.05000000000000000278, 0.6499999999999988010 ) ) ;
#1435 = VECTOR ( 'NONE', #254, 1000.000000000000000 ) ;
#1436 = ADVANCED_FACE ( 'NONE', ( #1417 ), #710, .F. ) ;
#1437 = FACE_OUTER_BOUND ( 'NONE', #1026, .T. ) ;
#1438 = ORIENTED_EDGE ( 'NONE', *, *, #1147, .F. ) ;
#1439 = EDGE_CURVE ( 'NONE', #2533, #1782, #1066, .T. ) ;
#1440 = DIRECTION ( 'NONE',  ( 0.000000000000000000, 1.000000000000000000, 0.000000000000000000 ) ) ;
#1441 = DIRECTION ( 'NONE',  ( 0.000000000000000000, -1.000000000000000000, 0.000000000000000000 ) ) ;
#1442 = EDGE_LOOP ( 'NONE', ( #269, #2493 ) ) ;
#1443 = EDGE_CURVE ( 'NONE', #2395, #170, #2304, .T. ) ;
#1444 = CARTESIAN_POINT ( 'NONE',  ( -0.7249999999999999778, 0.1000000000000000056, -1.663962232672867938E-15 ) ) ;
#1445 = VERTEX_POINT ( 'NONE', #2557 ) ;
#1446 = FACE_OUTER_BOUND ( 'NONE', #929, .T. ) ;
#1447 = LINE ( 'NONE', #1468, #1930 ) ;
#1448 = LINE ( 'NONE', #152, #1709 ) ;
#1449 = VECTOR ( 'NONE', #1762, 1000.000000000000000 ) ;
#1450 = LINE ( 'NONE', #2110, #2094 ) ;
#1451 = VERTEX_POINT ( 'NONE', #2183 ) ;
#1452 = FACE_OUTER_BOUND ( 'NONE', #2466, .T. ) ;
#1453 = ORIENTED_EDGE ( 'NONE', *, *, #2514, .T. ) ;
#1454 = PRODUCT_RELATED_PRODUCT_CATEGORY ( 'part', '', ( #249 ) ) ;
#1455 = LINE ( 'NONE', #2535, #2748 ) ;
#1456 = DIRECTION ( 'NONE',  ( -1.000000000000000000, 0.000000000000000000, -3.491481338843133355E-15 ) ) ;
#1457 = DIRECTION ( 'NONE',  ( 1.000000000000000000, 0.000000000000000000, 3.469446951953622866E-15 ) ) ;
#1458 = VERTEX_POINT ( 'NONE', #871 ) ;
#1459 = LINE ( 'NONE', #173, #2566 ) ;
#1460 = CARTESIAN_POINT ( 'NONE',  ( 0.7250000000000004219, 0.000000000000000000, -0.1249999999999967248 ) ) ;
#1461 = ORIENTED_EDGE ( 'NONE', *, *, #2342, .F. ) ;
#1462 = VECTOR ( 'NONE', #614, 1000.000000000000000 ) ;
#1463 = DIRECTION ( 'NONE',  ( 0.000000000000000000, 1.000000000000000000, 0.000000000000000000 ) ) ;
#1464 = ORIENTED_EDGE ( 'NONE', *, *, #1711, .T. ) ;
#1465 = CARTESIAN_POINT ( 'NONE',  ( 0.7250000000000017542, 0.000000000000000000, -0.5249999999999973577 ) ) ;
#1466 = VECTOR ( 'NONE', #2167, 1000.000000000000000 ) ;
#1467 = CARTESIAN_POINT ( 'NONE',  ( 1.000000000000000444, 0.000000000000000000, -0.1249999999999957534 ) ) ;
#1468 = CARTESIAN_POINT ( 'NONE',  ( 1.000000000000000444, 0.09999999999999999167, -0.1249999999999957534 ) ) ;
#1469 = VECTOR ( 'NONE', #1297, 1000.000000000000000 ) ;
#1470 = CARTESIAN_POINT ( 'NONE',  ( -0.7249999999999999778, 0.1000000000000000056, -1.663962232672867938E-15 ) ) ;
#1471 = VECTOR ( 'NONE', #694, 1000.000000000000000 ) ;
#1472 = PLANE ( 'NONE',  #1313 ) ;
#1473 = ORIENTED_EDGE ( 'NONE', *, *, #631, .T. ) ;
#1474 = EDGE_CURVE ( 'NONE', #941, #68, #1803, .T. ) ;
#1475 = PRESENTATION_STYLE_ASSIGNMENT (( #192 ) ) ;
#1476 = VERTEX_POINT ( 'NONE', #2382 ) ;
#1477 = CARTESIAN_POINT ( 'NONE',  ( 0.3249999999999978462, 1.689024858207070379, 0.6000000000000013101 ) ) ;
#1478 = AXIS2_PLACEMENT_3D ( 'NONE', #848, #1496, #1481 ) ;
#1479 = DIRECTION ( 'NONE',  ( -1.000000000000000000, 0.000000000000000000, -2.624119600854729019E-15 ) ) ;
#1480 = EDGE_CURVE ( 'NONE', #2149, #1753, #227, .T. ) ;
#1481 = DIRECTION ( 'NONE',  ( -1.000000000000000000, 0.000000000000000000, -3.469446951953622866E-15 ) ) ;
#1482 = DIRECTION ( 'NONE',  ( -0.000000000000000000, -1.000000000000000000, 0.000000000000000000 ) ) ;
#1483 = DIRECTION ( 'NONE',  ( 0.000000000000000000, -1.000000000000000000, 0.000000000000000000 ) ) ;
#1484 = ORIENTED_EDGE ( 'NONE', *, *, #1439, .T. ) ;
#1485 = CARTESIAN_POINT ( 'NONE',  ( 0.9999999999999983347, 0.1000000000000000056, 0.5250000000000042411 ) ) ;
#1486 = ADVANCED_FACE ( 'NONE', ( #1731 ), #1089, .F. ) ;
#1487 = CARTESIAN_POINT ( 'NONE',  ( 0.9999999999999983347, 0.1000000000000000056, 0.5250000000000042411 ) ) ;
#1488 = ORIENTED_EDGE ( 'NONE', *, *, #650, .F. ) ;
#1489 = VECTOR ( 'NONE', #2136, 1000.000000000000000 ) ;
#1490 = SURFACE_STYLE_FILL_AREA ( #1754 ) ;
#1491 = DIRECTION ( 'NONE',  ( -1.000000000000000000, 0.000000000000000000, -3.395552988801315578E-15 ) ) ;
#1492 = ORIENTED_EDGE ( 'NONE', *, *, #503, .T. ) ;
#1493 = DIRECTION ( 'NONE',  ( 0.000000000000000000, 1.000000000000000000, 0.000000000000000000 ) ) ;
#1494 = EDGE_LOOP ( 'NONE', ( #837, #672, #1549, #1316 ) ) ;
#1495 = DIRECTION ( 'NONE',  ( -1.000000000000000000, 0.000000000000000000, -5.068502680640230570E-15 ) ) ;
#1496 = DIRECTION ( 'NONE',  ( -0.000000000000000000, -1.000000000000000000, -0.000000000000000000 ) ) ;
#1497 = DIRECTION ( 'NONE',  ( -0.7071067811865435759, 0.000000000000000000, -0.7071067811865515695 ) ) ;
#1498 = VERTEX_POINT ( 'NONE', #907 ) ;
#1499 = DIRECTION ( 'NONE',  ( 1.000000000000000000, 0.000000000000000000, 3.491481338843133355E-15 ) ) ;
#1500 = ORIENTED_EDGE ( 'NONE', *, *, #2042, .T. ) ;
#1501 = ADVANCED_FACE ( 'NONE', ( #478 ), #1935, .F. ) ;
#1502 = ADVANCED_FACE ( 'NONE', ( #1554 ), #16, .F. ) ;
#1503 = LINE ( 'NONE', #442, #1469 ) ;
#1504 = PRESENTATION_STYLE_ASSIGNMENT (( #2127 ) ) ;
#1505 = ORIENTED_EDGE ( 'NONE', *, *, #1568, .T. ) ;
#1506 = DIRECTION ( 'NONE',  ( 0.000000000000000000, -1.000000000000000000, 0.000000000000000000 ) ) ;
#1507 = ORIENTED_EDGE ( 'NONE', *, *, #1302, .T. ) ;
#1508 = AXIS2_PLACEMENT_3D ( 'NONE', #525, #794, #2023 ) ;
#1509 = CARTESIAN_POINT ( 'NONE',  ( 1.000000000000001776, 0.000000000000000000, -0.5249999999999959144 ) ) ;
#1510 = PLANE ( 'NONE',  #1668 ) ;
#1511 = VECTOR ( 'NONE', #673, 1000.000000000000000 ) ;
#1512 = ORIENTED_EDGE ( 'NONE', *, *, #2016, .F. ) ;
#1513 = EDGE_CURVE ( 'NONE', #998, #2570, #2701, .T. ) ;
#1514 = VECTOR ( 'NONE', #881, 1000.000000000000000 ) ;
#1515 = EDGE_CURVE ( 'NONE', #68, #1720, #2052, .T. ) ;
#1516 = CARTESIAN_POINT ( 'NONE',  ( -0.3250000000000000111, 0.05000000000000000278, -1.197374227312069664E-15 ) ) ;
#1517 = ORIENTED_EDGE ( 'NONE', *, *, #1172, .T. ) ;
#1518 = ORIENTED_EDGE ( 'NONE', *, *, #735, .T. ) ;
#1519 = VECTOR ( 'NONE', #1563, 1000.000000000000000 ) ;
#1520 = ADVANCED_FACE ( 'NONE', ( #1409 ), #121, .T. ) ;
#1521 = ORIENTED_EDGE ( 'NONE', *, *, #1909, .F. ) ;
#1522 = ORIENTED_EDGE ( 'NONE', *, *, #2680, .T. ) ;
#1523 = DIRECTION ( 'NONE',  ( -1.000000000000000000, 0.000000000000000000, -3.684228391729445605E-15 ) ) ;
#1524 = EDGE_CURVE ( 'NONE', #704, #2562, #356, .T. ) ;
#1525 = DIRECTION ( 'NONE',  ( -1.000000000000000000, 0.000000000000000000, -3.491481338843133355E-15 ) ) ;
#1526 = DIRECTION ( 'NONE',  ( -3.491481338843133355E-15, 0.000000000000000000, 1.000000000000000000 ) ) ;
#1527 = LINE ( 'NONE', #940, #1449 ) ;
#1528 = ORIENTED_EDGE ( 'NONE', *, *, #407, .F. ) ;
#1529 = VERTEX_POINT ( 'NONE', #1171 ) ;
#1530 = CARTESIAN_POINT ( 'NONE',  ( -0.9999999999999995559, 0.5716990566028298248, -0.1250000000000027478 ) ) ;
#1531 = CARTESIAN_POINT ( 'NONE',  ( -0.7249999999999980904, 0.1000000000000000056, -0.5250000000000019096 ) ) ;
#1532 = ORIENTED_EDGE ( 'NONE', *, *, #327, .F. ) ;
#1533 = PLANE ( 'NONE',  #1681 ) ;
#1534 = ORIENTED_EDGE ( 'NONE', *, *, #703, .F. ) ;
#1535 = VECTOR ( 'NONE', #849, 1000.000000000000000 ) ;
#1536 = DIRECTION ( 'NONE',  ( 1.000000000000000000, 0.000000000000000000, 3.469446951953622866E-15 ) ) ;
#1537 = ADVANCED_BREP_SHAPE_REPRESENTATION ( 'STTS22HTR', ( #398, #1331, #2254, #2201, #1275, #1267, #441, #2264, #355, #1827 ), #2413 ) ;
#1538 = DIRECTION ( 'NONE',  ( 1.000000000000000000, 0.000000000000000000, 3.491481338843133355E-15 ) ) ;
#1539 = EDGE_LOOP ( 'NONE', ( #962, #410, #2774, #2425 ) ) ;
#1540 = ADVANCED_FACE ( 'NONE', ( #2065 ), #1227, .F. ) ;
#1541 = AXIS2_PLACEMENT_3D ( 'NONE', #961, #2666, #2056 ) ;
#1542 = VECTOR ( 'NONE', #1140, 1000.000000000000000 ) ;
#1543 = DIRECTION ( 'NONE',  ( -0.000000000000000000, -1.000000000000000000, 0.000000000000000000 ) ) ;
#1544 = EDGE_CURVE ( 'NONE', #1097, #2570, #1806, .T. ) ;
#1545 = CARTESIAN_POINT ( 'NONE',  ( -0.7249999999999980904, 0.1000000000000000056, -0.5250000000000023537 ) ) ;
#1546 = ORIENTED_EDGE ( 'NONE', *, *, #2280, .F. ) ;
#1547 = DIRECTION ( 'NONE',  ( 1.000000000000000000, 0.000000000000000000, 3.491481338843133355E-15 ) ) ;
#1548 = EDGE_LOOP ( 'NONE', ( #2407, #1385, #872, #754 ) ) ;
#1549 = ORIENTED_EDGE ( 'NONE', *, *, #2298, .T. ) ;
#1550 = DIRECTION ( 'NONE',  ( 0.000000000000000000, 1.000000000000000000, 0.000000000000000000 ) ) ;
#1551 = ORIENTED_EDGE ( 'NONE', *, *, #232, .T. ) ;
#1552 = ORIENTED_EDGE ( 'NONE', *, *, #636, .T. ) ;
#1553 = DIRECTION ( 'NONE',  ( -1.000000000000000000, 0.000000000000000000, -3.491481338843133355E-15 ) ) ;
#1554 = FACE_OUTER_BOUND ( 'NONE', #1825, .T. ) ;
#1555 = CIRCLE ( 'NONE', #658, 0.1277202477547841331 ) ;
#1556 = MECHANICAL_DESIGN_GEOMETRIC_PRESENTATION_REPRESENTATION (  '', ( #1023 ), #29 ) ;
#1557 = CARTESIAN_POINT ( 'NONE',  ( -1.000000000000000444, 0.1000000000000000056, 0.1249999999999970440 ) ) ;
#1558 = DIRECTION ( 'NONE',  ( 1.000000000000000000, -0.000000000000000000, 1.914459997046036140E-15 ) ) ;
#1559 = ORIENTED_EDGE ( 'NONE', *, *, #1016, .F. ) ;
#1560 = CIRCLE ( 'NONE', #2719, 0.1249999999999996808 ) ;
#1561 = ORIENTED_EDGE ( 'NONE', *, *, #2435, .T. ) ;
#1562 = ORIENTED_EDGE ( 'NONE', *, *, #2221, .F. ) ;
#1563 = DIRECTION ( 'NONE',  ( 1.000000000000000000, 0.000000000000000000, 5.068502680640230570E-15 ) ) ;
#1564 = LINE ( 'NONE', #1192, #1614 ) ;
#1565 = CIRCLE ( 'NONE', #498, 0.1277202477547841331 ) ;
#1566 =( LENGTH_UNIT ( ) NAMED_UNIT ( * ) SI_UNIT ( .MILLI., .METRE. ) );
#1567 = VERTEX_POINT ( 'NONE', #1214 ) ;
#1568 = EDGE_CURVE ( 'NONE', #9, #1278, #584, .T. ) ;
#1569 = DIRECTION ( 'NONE',  ( 1.000000000000000000, 0.000000000000000000, 3.469446951953622866E-15 ) ) ;
#1570 = LINE ( 'NONE', #2432, #2260 ) ;
#1571 = CARTESIAN_POINT ( 'NONE',  ( -0.7250000000000026423, 0.09999999999999999167, 0.7749999999999975797 ) ) ;
#1572 = ORIENTED_EDGE ( 'NONE', *, *, #956, .T. ) ;
#1573 = ADVANCED_FACE ( 'NONE', ( #2077 ), #1626, .F. ) ;
#1574 = CARTESIAN_POINT ( 'NONE',  ( 1.000000000000002665, 0.1000000000000000056, -0.7749999999999956923 ) ) ;
#1575 = ADVANCED_FACE ( 'NONE', ( #1792 ), #87, .F. ) ;
#1576 = ORIENTED_EDGE ( 'NONE', *, *, #843, .F. ) ;
#1577 = FACE_OUTER_BOUND ( 'NONE', #1115, .T. ) ;
#1578 = DIRECTION ( 'NONE',  ( -1.000000000000000000, 0.000000000000000000, -3.395552988801315578E-15 ) ) ;
#1579 = VERTEX_POINT ( 'NONE', #970 ) ;
#1580 = DIRECTION ( 'NONE',  ( 3.491481338843133355E-15, 0.000000000000000000, -1.000000000000000000 ) ) ;
#1581 = DIRECTION ( 'NONE',  ( 1.000000000000000000, 0.000000000000000000, 3.469446951953622866E-15 ) ) ;
#1582 = DIRECTION ( 'NONE',  ( -1.000000000000000000, 0.000000000000000000, -3.395552988801315578E-15 ) ) ;
#1583 = DIRECTION ( 'NONE',  ( -3.684228391729445605E-15, 0.000000000000000000, 1.000000000000000000 ) ) ;
#1584 = AXIS2_PLACEMENT_3D ( 'NONE', #1914, #864, #217 ) ;
#1585 = DIRECTION ( 'NONE',  ( 1.000000000000000000, 0.000000000000000000, 3.491481338843133355E-15 ) ) ;
#1586 = VERTEX_POINT ( 'NONE', #768 ) ;
#1587 = PLANE ( 'NONE',  #1541 ) ;
#1588 = ORIENTED_EDGE ( 'NONE', *, *, #1300, .F. ) ;
#1589 = PRESENTATION_STYLE_ASSIGNMENT (( #1348 ) ) ;
#1590 = DIRECTION ( 'NONE',  ( -1.000000000000000000, 0.000000000000000000, -2.624119600854728625E-15 ) ) ;
#1591 = EDGE_CURVE ( 'NONE', #669, #2531, #2163, .T. ) ;
#1592 = CARTESIAN_POINT ( 'NONE',  ( -0.1249999999999966138, 0.1000000000000000472, -0.7250000000000000888 ) ) ;
#1593 = EDGE_LOOP ( 'NONE', ( #2057, #1143, #1505, #2454 ) ) ;
#1594 = EDGE_CURVE ( 'NONE', #2613, #264, #2474, .T. ) ;
#1595 = EDGE_CURVE ( 'NONE', #2049, #1129, #1396, .T. ) ;
#1596 = CARTESIAN_POINT ( 'NONE',  ( 0.7249999999999976463, 0.000000000000000000, 0.6500000000000029088 ) ) ;
#1597 = VERTEX_POINT ( 'NONE', #2259 ) ;
#1598 = DIRECTION ( 'NONE',  ( 0.000000000000000000, 1.000000000000000000, 0.000000000000000000 ) ) ;
#1599 = DIRECTION ( 'NONE',  ( 1.000000000000000000, 0.000000000000000000, 3.491481338843133355E-15 ) ) ;
#1600 = DIRECTION ( 'NONE',  ( 1.000000000000000000, 0.000000000000000000, 3.469446951953622866E-15 ) ) ;
#1601 = LINE ( 'NONE', #1006, #2462 ) ;
#1602 = ORIENTED_EDGE ( 'NONE', *, *, #1862, .F. ) ;
#1603 = VECTOR ( 'NONE', #2222, 1000.000000000000000 ) ;
#1604 = VERTEX_POINT ( 'NONE', #572 ) ;
#1605 = ORIENTED_EDGE ( 'NONE', *, *, #2757, .F. ) ;
#1606 = AXIS2_PLACEMENT_3D ( 'NONE', #1397, #324, #1173 ) ;
#1607 = ADVANCED_FACE ( 'NONE', ( #1423 ), #2271, .F. ) ;
#1608 = EDGE_CURVE ( 'NONE', #2570, #372, #164, .T. ) ;
#1609 = PLANE ( 'NONE',  #201 ) ;
#1610 = VERTEX_POINT ( 'NONE', #1878 ) ;
#1611 = CIRCLE ( 'NONE', #1349, 0.1249999999999996808 ) ;
#1612 = PLANE ( 'NONE',  #1188 ) ;
#1613 = ADVANCED_FACE ( 'NONE', ( #1220 ), #2069, .T. ) ;
#1614 = VECTOR ( 'NONE', #2639, 1000.000000000000000 ) ;
#1615 = FILL_AREA_STYLE_COLOUR ( '', #248 ) ;
#1616 = FACE_OUTER_BOUND ( 'NONE', #333, .T. ) ;
#1617 = DIRECTION ( 'NONE',  ( 1.000000000000000000, 0.000000000000000000, 3.469446951953622866E-15 ) ) ;
#1618 = CARTESIAN_POINT ( 'NONE',  ( -0.7322777255331893720, 0.4500000000000000666, -0.7156693573399769415 ) ) ;
#1619 = ORIENTED_EDGE ( 'NONE', *, *, #592, .F. ) ;
#1620 = ORIENTED_EDGE ( 'NONE', *, *, #1679, .T. ) ;
#1621 = CARTESIAN_POINT ( 'NONE',  ( -0.2000000000000026756, 0.000000000000000000, 0.7249999999999994227 ) ) ;
#1622 = DIRECTION ( 'NONE',  ( 3.274640904346032468E-15, 0.000000000000000000, -1.000000000000000000 ) ) ;
#1623 = ORIENTED_EDGE ( 'NONE', *, *, #1232, .T. ) ;
#1624 = DIRECTION ( 'NONE',  ( -1.000000000000000000, 0.000000000000000000, -3.395552988801315578E-15 ) ) ;
#1625 = DIRECTION ( 'NONE',  ( 1.000000000000000000, 0.000000000000000000, 5.068502680640230570E-15 ) ) ;
#1626 = PLANE ( 'NONE',  #467 ) ;
#1627 = DIRECTION ( 'NONE',  ( 0.000000000000000000, -1.000000000000000000, 0.000000000000000000 ) ) ;
#1628 = EDGE_CURVE ( 'NONE', #642, #704, #1070, .T. ) ;
#1629 = ADVANCED_FACE ( 'NONE', ( #2319 ), #620, .T. ) ;
#1630 = VECTOR ( 'NONE', #1258, 1000.000000000000000 ) ;
#1631 = ORIENTED_EDGE ( 'NONE', *, *, #1835, .F. ) ;
#1632 = CIRCLE ( 'NONE', #99, 0.1249999999999996808 ) ;
#1633 = ORIENTED_EDGE ( 'NONE', *, *, #898, .F. ) ;
#1634 = CLOSED_SHELL ( 'NONE', ( #541, #1116, #502, #2521 ) ) ;
#1635 = ADVANCED_FACE ( 'NONE', ( #852 ), #2148, .F. ) ;
#1636 = DIRECTION ( 'NONE',  ( 0.000000000000000000, -1.000000000000000000, 0.000000000000000000 ) ) ;
#1637 = ORIENTED_EDGE ( 'NONE', *, *, #1030, .F. ) ;
#1638 = CARTESIAN_POINT ( 'NONE',  ( -0.7322777255331893720, 0.5500000000000000444, -0.7156693573399769415 ) ) ;
#1639 = FILL_AREA_STYLE ('',( #2325 ) ) ;
#1640 = CARTESIAN_POINT ( 'NONE',  ( -0.9999999999999995559, 0.1000000000000000056, -0.1250000000000027478 ) ) ;
#1641 = EDGE_CURVE ( 'NONE', #2531, #13, #2541, .T. ) ;
#1642 = DIRECTION ( 'NONE',  ( 1.000000000000000000, 0.000000000000000000, 2.624119600854728625E-15 ) ) ;
#1643 = DIRECTION ( 'NONE',  ( -3.491481338843133355E-15, 0.000000000000000000, 1.000000000000000000 ) ) ;
#1644 = ADVANCED_FACE ( 'NONE', ( #203 ), #1472, .F. ) ;
#1645 = VECTOR ( 'NONE', #1666, 1000.000000000000000 ) ;
#1646 = DIRECTION ( 'NONE',  ( -3.491481338843133355E-15, 0.000000000000000000, 1.000000000000000000 ) ) ;
#1647 = VERTEX_POINT ( 'NONE', #408 ) ;
#1648 = PRESENTATION_LAYER_ASSIGNMENT (  '', '', ( #1111 ) ) ;
#1649 = CARTESIAN_POINT ( 'NONE',  ( 0.9999999999999995559, 0.000000000000000000, 0.1250000000000040523 ) ) ;
#1650 = ORIENTED_EDGE ( 'NONE', *, *, #2514, .F. ) ;
#1651 = VECTOR ( 'NONE', #815, 1000.000000000000000 ) ;
#1652 = LINE ( 'NONE', #319, #975 ) ;
#1653 = ORIENTED_EDGE ( 'NONE', *, *, #1942, .F. ) ;
#1654 = AXIS2_PLACEMENT_3D ( 'NONE', #1816, #2672, #763 ) ;
#1655 = CARTESIAN_POINT ( 'NONE',  ( 0.9999999999999974465, 0.09999999999999999167, 0.7750000000000040190 ) ) ;
#1656 = AXIS2_PLACEMENT_3D ( 'NONE', #978, #222, #903 ) ;
#1657 = DIRECTION ( 'NONE',  ( 1.000000000000000000, 0.000000000000000000, 3.469446951953622866E-15 ) ) ;
#1658 = VERTEX_POINT ( 'NONE', #2109 ) ;
#1659 = ADVANCED_FACE ( 'NONE', ( #2737 ), #1701, .T. ) ;
#1660 = VERTEX_POINT ( 'NONE', #878 ) ;
#1661 = DIRECTION ( 'NONE',  ( -1.000000000000000000, 0.000000000000000000, -3.469446951953622866E-15 ) ) ;
#1662 = VERTEX_POINT ( 'NONE', #664 ) ;
#1663 = CARTESIAN_POINT ( 'NONE',  ( 0.7250000000000017542, 0.5716990566028298248, -0.5249999999999973577 ) ) ;
#1664 = DIRECTION ( 'NONE',  ( -1.000000000000000000, 0.000000000000000000, -3.491481338843133355E-15 ) ) ;
#1665 = DIRECTION ( 'NONE',  ( 0.000000000000000000, -1.000000000000000000, 0.000000000000000000 ) ) ;
#1666 = DIRECTION ( 'NONE',  ( 3.491481338843133355E-15, 0.000000000000000000, -1.000000000000000000 ) ) ;
#1667 = CIRCLE ( 'NONE', #2563, 0.1249999999999996808 ) ;
#1668 = AXIS2_PLACEMENT_3D ( 'NONE', #1545, #1988, #1715 ) ;
#1669 = ORIENTED_EDGE ( 'NONE', *, *, #74, .T. ) ;
#1670 =( LENGTH_UNIT ( ) NAMED_UNIT ( * ) SI_UNIT ( .MILLI., .METRE. ) );
#1671 = ORIENTED_EDGE ( 'NONE', *, *, #433, .F. ) ;
#1672 = CARTESIAN_POINT ( 'NONE',  ( -0.6045574777784051834, 0.5500000000000000444, -0.7156693573399766084 ) ) ;
#1673 = ORIENTED_EDGE ( 'NONE', *, *, #327, .T. ) ;
#1674 = EDGE_CURVE ( 'NONE', #437, #2533, #835, .T. ) ;
#1675 = LINE ( 'NONE', #2751, #1998 ) ;
#1676 = VECTOR ( 'NONE', #1752, 1000.000000000000000 ) ;
#1677 = DIRECTION ( 'NONE',  ( -3.684228391729445605E-15, 0.000000000000000000, 1.000000000000000000 ) ) ;
#1678 = ORIENTED_EDGE ( 'NONE', *, *, #90, .T. ) ;
#1679 = EDGE_CURVE ( 'NONE', #1865, #206, #436, .T. ) ;
#1680 = VECTOR ( 'NONE', #868, 1000.000000000000000 ) ;
#1681 = AXIS2_PLACEMENT_3D ( 'NONE', #882, #2378, #1311 ) ;
#1682 = FACE_OUTER_BOUND ( 'NONE', #1548, .T. ) ;
#1683 = ORIENTED_EDGE ( 'NONE', *, *, #1300, .T. ) ;
#1684 = EDGE_CURVE ( 'NONE', #639, #2263, #648, .T. ) ;
#1685 = CARTESIAN_POINT ( 'NONE',  ( -0.7250000000000026423, 0.5716990566028298248, 0.7749999999999980238 ) ) ;
#1686 = VECTOR ( 'NONE', #1706, 1000.000000000000000 ) ;
#1687 = EDGE_CURVE ( 'NONE', #252, #2588, #395, .T. ) ;
#1688 = LINE ( 'NONE', #1288, #2692 ) ;
#1689 = CIRCLE ( 'NONE', #2238, 0.1249999999999996808 ) ;
#1690 = CARTESIAN_POINT ( 'NONE',  ( -0.7250000000000021982, 0.1000000000000000056, 0.6499999999999983569 ) ) ;
#1691 = DIRECTION ( 'NONE',  ( -1.000000000000000000, 0.000000000000000000, -3.491481338843133355E-15 ) ) ;
#1692 = FACE_OUTER_BOUND ( 'NONE', #1722, .T. ) ;
#1693 = EDGE_LOOP ( 'NONE', ( #1534, #228, #446, #439 ) ) ;
#1694 = CARTESIAN_POINT ( 'NONE',  ( 0.7250000000000026423, 0.05000000000000000278, -0.7749999999999966915 ) ) ;
#1695 = EDGE_LOOP ( 'NONE', ( #256, #680 ) ) ;
#1696 = CARTESIAN_POINT ( 'NONE',  ( 0.9999999999999995559, 0.1000000000000000056, 0.1250000000000040523 ) ) ;
#1697 = VECTOR ( 'NONE', #381, 1000.000000000000000 ) ;
#1698 = CARTESIAN_POINT ( 'NONE',  ( 0.3250000000000026201, 1.689024858207070379, -0.7249999999999986455 ) ) ;
#1699 = EDGE_CURVE ( 'NONE', #1176, #224, #2357, .T. ) ;
#1700 = ORIENTED_EDGE ( 'NONE', *, *, #1833, .T. ) ;
#1701 = PLANE ( 'NONE',  #741 ) ;
#1702 = VERTEX_POINT ( 'NONE', #236 ) ;
#1703 = EDGE_LOOP ( 'NONE', ( #1194, #454, #237, #2170, #914 ) ) ;
#1704 = EDGE_CURVE ( 'NONE', #1068, #166, #1261, .T. ) ;
#1705 = AXIS2_PLACEMENT_3D ( 'NONE', #2760, #450, #2172 ) ;
#1706 = DIRECTION ( 'NONE',  ( 3.684228391729445605E-15, -0.000000000000000000, -1.000000000000000000 ) ) ;
#1707 = CYLINDRICAL_SURFACE ( 'NONE', #2458, 0.1249999999999996808 ) ;
#1708 = ORIENTED_EDGE ( 'NONE', *, *, #1024, .T. ) ;
#1709 = VECTOR ( 'NONE', #406, 1000.000000000000000 ) ;
#1710 = PLANE ( 'NONE',  #2058 ) ;
#1711 = EDGE_CURVE ( 'NONE', #55, #238, #1048, .T. ) ;
#1712 = VERTEX_POINT ( 'NONE', #1737 ) ;
#1713 = LINE ( 'NONE', #887, #1162 ) ;
#1714 = CARTESIAN_POINT ( 'NONE',  ( -0.5999999999999979794, 0.5716990566028298248, -0.6500000000000011324 ) ) ;
#1715 = DIRECTION ( 'NONE',  ( -1.000000000000000000, 0.000000000000000000, -1.914459997046036140E-15 ) ) ;
#1716 = EDGE_CURVE ( 'NONE', #372, #2149, #1667, .T. ) ;
#1717 = ORIENTED_EDGE ( 'NONE', *, *, #2342, .T. ) ;
#1718 = VERTEX_POINT ( 'NONE', #1460 ) ;
#1719 = DIRECTION ( 'NONE',  ( -0.000000000000000000, -1.000000000000000000, 0.000000000000000000 ) ) ;
#1720 = VERTEX_POINT ( 'NONE', #1899 ) ;
#1721 = ADVANCED_FACE ( 'NONE', ( #2752 ), #2550, .T. ) ;
#1722 = EDGE_LOOP ( 'NONE', ( #946, #2601, #2580, #138, #293 ) ) ;
#1723 = VECTOR ( 'NONE', #393, 1000.000000000000000 ) ;
#1724 = CARTESIAN_POINT ( 'NONE',  ( -0.7250000000000004219, 0.1000000000000000056, 0.1249999999999975853 ) ) ;
#1725 = CARTESIAN_POINT ( 'NONE',  ( -0.9999999999999970024, 0.05000000000000000278, -1.000000000000003553 ) ) ;
#1726 = VERTEX_POINT ( 'NONE', #706 ) ;
#1727 = DIRECTION ( 'NONE',  ( -3.491481338843133355E-15, 0.000000000000000000, 1.000000000000000000 ) ) ;
#1728 = ORIENTED_EDGE ( 'NONE', *, *, #2703, .T. ) ;
#1729 = DIRECTION ( 'NONE',  ( 3.491481338843133355E-15, 0.000000000000000000, -1.000000000000000000 ) ) ;
#1730 = AXIS2_PLACEMENT_3D ( 'NONE', #611, #1463, #1491 ) ;
#1731 = FACE_OUTER_BOUND ( 'NONE', #1539, .T. ) ;
#1732 = VECTOR ( 'NONE', #1290, 1000.000000000000000 ) ;
#1733 = DIRECTION ( 'NONE',  ( 1.000000000000000000, 0.000000000000000000, 3.469446951953622866E-15 ) ) ;
#1734 = CARTESIAN_POINT ( 'NONE',  ( -0.7250000000000004219, 0.5716990566028298248, 0.1249999999999980294 ) ) ;
#1735 = EDGE_LOOP ( 'NONE', ( #1602, #1959, #5, #1824, #2442 ) ) ;
#1736 = CARTESIAN_POINT ( 'NONE',  ( 0.9999999999999983347, 0.5716990566028298248, 0.5250000000000042411 ) ) ;
#1737 = CARTESIAN_POINT ( 'NONE',  ( -0.6000000000000003109, 0.1000000000000000056, -1.227527065317477452E-15 ) ) ;
#1738 = EDGE_LOOP ( 'NONE', ( #1021, #218, #258, #1605, #1633 ) ) ;
#1739 = STYLED_ITEM ( 'NONE', ( #1359 ), #1331 ) ;
#1740 = ADVANCED_FACE ( 'NONE', ( #2422 ), #690, .T. ) ;
#1741 = SURFACE_SIDE_STYLE ('',( #1490 ) ) ;
#1742 = EDGE_LOOP ( 'NONE', ( #158, #318, #388, #1747, #1637 ) ) ;
#1743 = CARTESIAN_POINT ( 'NONE',  ( -1.000000000000001776, 0.5716990566028298248, 0.5249999999999972466 ) ) ;
#1744 = ORIENTED_EDGE ( 'NONE', *, *, #2510, .F. ) ;
#1745 = EDGE_CURVE ( 'NONE', #13, #1662, #564, .T. ) ;
#1746 = DIRECTION ( 'NONE',  ( -3.274640904346032468E-15, 0.000000000000000000, 1.000000000000000000 ) ) ;
#1747 = ORIENTED_EDGE ( 'NONE', *, *, #2331, .F. ) ;
#1748 = CARTESIAN_POINT ( 'NONE',  ( -0.7249999999999976463, 0.1000000000000000056, -0.6500000000000015765 ) ) ;
#1749 = LINE ( 'NONE', #500, #1889 ) ;
#1750 = DIRECTION ( 'NONE',  ( -1.000000000000000000, 0.000000000000000000, -1.914459997046036535E-15 ) ) ;
#1751 = ORIENTED_EDGE ( 'NONE', *, *, #521, .F. ) ;
#1752 = DIRECTION ( 'NONE',  ( -1.000000000000000000, 0.000000000000000000, -5.068502680640230570E-15 ) ) ;
#1753 = VERTEX_POINT ( 'NONE', #200 ) ;
#1754 = FILL_AREA_STYLE ('',( #2178 ) ) ;
#1755 = ORIENTED_EDGE ( 'NONE', *, *, #78, .F. ) ;
#1756 = CARTESIAN_POINT ( 'NONE',  ( 0.9999999999999974465, 0.5716990566028298248, 0.7750000000000040190 ) ) ;
#1757 = EDGE_LOOP ( 'NONE', ( #550, #2576, #125, #117 ) ) ;
#1758 = VECTOR ( 'NONE', #2187, 1000.000000000000000 ) ;
#1759 = CARTESIAN_POINT ( 'NONE',  ( 0.7249999999999976463, 0.1000000000000000056, 0.6500000000000029088 ) ) ;
#1760 = AXIS2_PLACEMENT_3D ( 'NONE', #1444, #749, #1404 ) ;
#1761 = DIRECTION ( 'NONE',  ( -1.000000000000000000, 0.000000000000000000, -3.491481338843133355E-15 ) ) ;
#1762 = DIRECTION ( 'NONE',  ( 1.000000000000000000, 0.000000000000000000, 3.491481338843133355E-15 ) ) ;
#1763 = ORIENTED_EDGE ( 'NONE', *, *, #2720, .T. ) ;
#1764 = CARTESIAN_POINT ( 'NONE',  ( 0.7250000000000004219, 0.09999999999999999167, -0.1249999999999967248 ) ) ;
#1765 = ORIENTED_EDGE ( 'NONE', *, *, #2423, .F. ) ;
#1766 =( NAMED_UNIT ( * ) PLANE_ANGLE_UNIT ( ) SI_UNIT ( $, .RADIAN. ) );
#1767 = DIRECTION ( 'NONE',  ( 0.000000000000000000, 1.000000000000000000, 0.000000000000000000 ) ) ;
#1768 = ORIENTED_EDGE ( 'NONE', *, *, #1345, .T. ) ;
#1769 = ORIENTED_EDGE ( 'NONE', *, *, #851, .F. ) ;
#1770 = CARTESIAN_POINT ( 'NONE',  ( -1.000000000000002665, 0.1000000000000000056, 0.7749999999999970246 ) ) ;
#1771 = LINE ( 'NONE', #1363, #2011 ) ;
#1772 = AXIS2_PLACEMENT_3D ( 'NONE', #2559, #1936, #1495 ) ;
#1773 = EDGE_CURVE ( 'NONE', #1122, #1753, #2354, .T. ) ;
#1774 = VECTOR ( 'NONE', #284, 1000.000000000000000 ) ;
#1775 = CARTESIAN_POINT ( 'NONE',  ( -1.000000000000001776, 0.5716990566028298248, 0.5249999999999972466 ) ) ;
#1776 = CARTESIAN_POINT ( 'NONE',  ( -0.3249999999999980127, 1.689024858207070379, -0.5250000000000007994 ) ) ;
#1777 = EDGE_CURVE ( 'NONE', #238, #1842, #1447, .T. ) ;
#1778 = LINE ( 'NONE', #2005, #31 ) ;
#1779 = ORIENTED_EDGE ( 'NONE', *, *, #2435, .F. ) ;
#1780 = AXIS2_PLACEMENT_3D ( 'NONE', #2571, #1523, #655 ) ;
#1781 = FACE_OUTER_BOUND ( 'NONE', #1703, .T. ) ;
#1782 = VERTEX_POINT ( 'NONE', #2329 ) ;
#1783 = COLOUR_RGB ( '',0.7960784313725489669, 0.8235294117647058432, 0.9372549019607843146 ) ;
#1784 = UNCERTAINTY_MEASURE_WITH_UNIT (LENGTH_MEASURE( 1.000000000000000082E-05 ), #12, 'distance_accuracy_value', 'NONE');
#1785 = CARTESIAN_POINT ( 'NONE',  ( 0.2000000000000027311, 0.000000000000000000, -0.7249999999999989786 ) ) ;
#1786 = COLOUR_RGB ( '',0.7960784313725489669, 0.8235294117647058432, 0.9372549019607843146 ) ;
#1787 = DIRECTION ( 'NONE',  ( -0.000000000000000000, -1.000000000000000000, 0.000000000000000000 ) ) ;
#1788 = EDGE_LOOP ( 'NONE', ( #2657, #1438, #421, #1588 ) ) ;
#1789 = DIRECTION ( 'NONE',  ( -1.000000000000000000, 0.000000000000000000, -3.491481338843133355E-15 ) ) ;
#1790 = CARTESIAN_POINT ( 'NONE',  ( -0.7250000000000004219, 0.05000000000000000278, 0.1249999999999980294 ) ) ;
#1791 = PLANE ( 'NONE',  #1119 ) ;
#1792 = FACE_OUTER_BOUND ( 'NONE', #265, .T. ) ;
#1793 = CARTESIAN_POINT ( 'NONE',  ( 0.3250000000000026201, 0.1000000000000000472, -0.7249999999999986455 ) ) ;
#1794 = ORIENTED_EDGE ( 'NONE', *, *, #2074, .T. ) ;
#1795 = ADVANCED_FACE ( 'NONE', ( #1240 ), #2527, .F. ) ;
#1796 = EDGE_CURVE ( 'NONE', #2277, #2297, #820, .T. ) ;
#1797 = DIRECTION ( 'NONE',  ( -1.000000000000000000, 0.000000000000000000, -5.068502680640230570E-15 ) ) ;
#1798 = EDGE_LOOP ( 'NONE', ( #2181, #2223, #1100, #1990 ) ) ;
#1799 = DIRECTION ( 'NONE',  ( 0.000000000000000000, 1.000000000000000000, 0.000000000000000000 ) ) ;
#1800 = CARTESIAN_POINT ( 'NONE',  ( 0.3250000000000026201, 0.1000000000000000472, -0.7249999999999986455 ) ) ;
#1801 = ORIENTED_EDGE ( 'NONE', *, *, #2315, .T. ) ;
#1802 = CARTESIAN_POINT ( 'NONE',  ( -0.9999999999999983347, 0.05000000000000000278, -0.5250000000000029088 ) ) ;
#1803 = CIRCLE ( 'NONE', #414, 0.1249999999999996808 ) ;
#1804 = CARTESIAN_POINT ( 'NONE',  ( 1.000000000000002665, 0.09999999999999999167, -0.7749999999999956923 ) ) ;
#1805 = EDGE_CURVE ( 'NONE', #264, #58, #2116, .T. ) ;
#1806 = LINE ( 'NONE', #2497, #685 ) ;
#1807 = VECTOR ( 'NONE', #2214, 1000.000000000000000 ) ;
#1808 = CARTESIAN_POINT ( 'NONE',  ( -0.9999999999999974465, 0.5716990566028298248, -0.7750000000000026867 ) ) ;
#1809 = EDGE_LOOP ( 'NONE', ( #299, #1291, #1964, #713 ) ) ;
#1810 = EDGE_CURVE ( 'NONE', #1278, #1010, #2515, .T. ) ;
#1811 = DIRECTION ( 'NONE',  ( 1.914459997046036140E-15, 0.000000000000000000, -1.000000000000000000 ) ) ;
#1812 = EDGE_LOOP ( 'NONE', ( #624, #731, #242, #2150 ) ) ;
#1813 = ADVANCED_FACE ( 'NONE', ( #2341 ), #2764, .T. ) ;
#1814 = CARTESIAN_POINT ( 'NONE',  ( 0.2000000000000027311, 1.689024858207070379, -0.7249999999999989786 ) ) ;
#1815 = ORIENTED_EDGE ( 'NONE', *, *, #1777, .F. ) ;
#1816 = CARTESIAN_POINT ( 'NONE',  ( 0.000000000000000000, 0.5500000000000000444, 0.000000000000000000 ) ) ;
#1817 = LINE ( 'NONE', #2085, #2165 ) ;
#1818 = PLANE ( 'NONE',  #844 ) ;
#1819 = CARTESIAN_POINT ( 'NONE',  ( 0.3250000000000026201, 1.689024858207070379, -0.7249999999999986455 ) ) ;
#1820 =( GEOMETRIC_REPRESENTATION_CONTEXT ( 3 ) GLOBAL_UNCERTAINTY_ASSIGNED_CONTEXT ( ( #1370 ) ) GLOBAL_UNIT_ASSIGNED_CONTEXT ( ( #321, #1406, #2035 ) ) REPRESENTATION_CONTEXT ( 'NONE', 'WORKASPACE' ) );
#1821 = CARTESIAN_POINT ( 'NONE',  ( -0.9999999999999970024, 3.928427124746190824, -1.000000000000003553 ) ) ;
#1822 = FACE_OUTER_BOUND ( 'NONE', #1974, .T. ) ;
#1823 = COLOUR_RGB ( '',0.2509803921568627416, 0.2509803921568627416, 0.2509803921568627416 ) ;
#1824 = ORIENTED_EDGE ( 'NONE', *, *, #559, .F. ) ;
#1825 = EDGE_LOOP ( 'NONE', ( #1461, #2641, #529, #891 ) ) ;
#1826 = ADVANCED_FACE ( 'NONE', ( #2104 ), #172, .T. ) ;
#1827 = AXIS2_PLACEMENT_3D ( 'NONE', #1366, #453, #233 ) ;
#1828 = CARTESIAN_POINT ( 'NONE',  ( -0.7322777255331893720, 0.5500000000000000444, -0.7156693573399769415 ) ) ;
#1829 = CARTESIAN_POINT ( 'NONE',  ( 0.7249999999999995337, 0.5716990566028298248, 0.1250000000000026368 ) ) ;
#1830 = VERTEX_POINT ( 'NONE', #452 ) ;
#1831 = ADVANCED_FACE ( 'NONE', ( #246 ), #291, .F. ) ;
#1832 = MECHANICAL_DESIGN_GEOMETRIC_PRESENTATION_REPRESENTATION (  '', ( #208 ), #2191 ) ;
#1833 = EDGE_CURVE ( 'NONE', #1476, #1135, #1527, .T. ) ;
#1834 = DIRECTION ( 'NONE',  ( -1.000000000000000000, 0.000000000000000000, -3.491481338843133355E-15 ) ) ;
#1835 = EDGE_CURVE ( 'NONE', #170, #723, #927, .T. ) ;
#1836 = CARTESIAN_POINT ( 'NONE',  ( 0.7250000000000017542, 0.1000000000000000056, -0.5249999999999973577 ) ) ;
#1837 = LINE ( 'NONE', #1804, #1072 ) ;
#1838 = DIRECTION ( 'NONE',  ( 0.000000000000000000, -1.000000000000000000, 0.000000000000000000 ) ) ;
#1839 = ORIENTED_EDGE ( 'NONE', *, *, #1524, .T. ) ;
#1840 = ORIENTED_EDGE ( 'NONE', *, *, #2619, .F. ) ;
#1841 = FACE_OUTER_BOUND ( 'NONE', #2321, .T. ) ;
#1842 = VERTEX_POINT ( 'NONE', #2632 ) ;
#1843 = ADVANCED_FACE ( 'NONE', ( #1971 ), #674, .T. ) ;
#1844 = DIRECTION ( 'NONE',  ( 1.000000000000000000, 0.000000000000000000, 3.491481338843133355E-15 ) ) ;
#1845 = DIRECTION ( 'NONE',  ( 1.000000000000000000, 0.000000000000000000, 3.491481338843133355E-15 ) ) ;
#1846 = CARTESIAN_POINT ( 'NONE',  ( -0.7250000000000026423, 0.1000000000000000056, 0.7749999999999975797 ) ) ;
#1847 = CARTESIAN_POINT ( 'NONE',  ( -0.7250000000000004219, 0.5716990566028298248, 0.1249999999999975853 ) ) ;
#1848 = CARTESIAN_POINT ( 'NONE',  ( -0.9999999999999974465, 0.000000000000000000, -0.7750000000000026867 ) ) ;
#1849 = AXIS2_PLACEMENT_3D ( 'NONE', #577, #1430, #2279 ) ;
#1850 = CYLINDRICAL_SURFACE ( 'NONE', #1282, 0.1249999999999996808 ) ;
#1851 = ORIENTED_EDGE ( 'NONE', *, *, #1591, .F. ) ;
#1852 = CLOSED_SHELL ( 'NONE', ( #877, #17, #345, #2138, #464, #1322 ) ) ;
#1853 = DIRECTION ( 'NONE',  ( 1.000000000000000000, 0.000000000000000000, 3.469446951953622866E-15 ) ) ;
#1854 = CARTESIAN_POINT ( 'NONE',  ( -0.7322777255331893720, 0.4500000000000000666, -0.7156693573399769415 ) ) ;
#1855 = CYLINDRICAL_SURFACE ( 'NONE', #489, 0.1249999999999996808 ) ;
#1856 = ORIENTED_EDGE ( 'NONE', *, *, #1773, .F. ) ;
#1857 = DIRECTION ( 'NONE',  ( 1.000000000000000000, 0.000000000000000000, 3.469446951953622866E-15 ) ) ;
#1858 = VERTEX_POINT ( 'NONE', #2591 ) ;
#1859 = PRESENTATION_STYLE_ASSIGNMENT (( #2314 ) ) ;
#1860 = CARTESIAN_POINT ( 'NONE',  ( 1.000000000000000444, 0.05000000000000000278, -0.1249999999999957534 ) ) ;
#1861 = EDGE_CURVE ( 'NONE', #1586, #372, #2621, .T. ) ;
#1862 = EDGE_CURVE ( 'NONE', #1419, #2670, #77, .T. ) ;
#1863 = VECTOR ( 'NONE', #1646, 1000.000000000000000 ) ;
#1864 = DIRECTION ( 'NONE',  ( 3.274640904346032468E-15, 0.000000000000000000, -1.000000000000000000 ) ) ;
#1865 = VERTEX_POINT ( 'NONE', #20 ) ;
#1866 = DIRECTION ( 'NONE',  ( 0.000000000000000000, -1.000000000000000000, 0.000000000000000000 ) ) ;
#1867 = ORIENTED_EDGE ( 'NONE', *, *, #1877, .F. ) ;
#1868 = AXIS2_PLACEMENT_3D ( 'NONE', #1748, #229, #1093 ) ;
#1869 = VECTOR ( 'NONE', #2763, 1000.000000000000000 ) ;
#1870 = CARTESIAN_POINT ( 'NONE',  ( -0.7249999999999976463, 0.1000000000000000056, -0.6500000000000015765 ) ) ;
#1871 = ORIENTED_EDGE ( 'NONE', *, *, #2431, .T. ) ;
#1872 = DIRECTION ( 'NONE',  ( 3.491481338843133355E-15, 0.000000000000000000, -1.000000000000000000 ) ) ;
#1873 = PRESENTATION_LAYER_ASSIGNMENT (  '', '', ( #208 ) ) ;
#1874 = DIRECTION ( 'NONE',  ( -0.7071067811865515695, 0.000000000000000000, 0.7071067811865435759 ) ) ;
#1875 = DIRECTION ( 'NONE',  ( 1.000000000000000000, 0.000000000000000000, 3.491481338843133355E-15 ) ) ;
#1876 = CARTESIAN_POINT ( 'NONE',  ( -0.6000000000000025313, 0.5716990566028298248, 0.6499999999999988010 ) ) ;
#1877 = EDGE_CURVE ( 'NONE', #1104, #1038, #1321, .T. ) ;
#1878 = CARTESIAN_POINT ( 'NONE',  ( 0.9999999999999995559, 0.1000000000000000056, 0.1250000000000040523 ) ) ;
#1879 = LINE ( 'NONE', #892, #2629 ) ;
#1880 = ORIENTED_EDGE ( 'NONE', *, *, #1969, .T. ) ;
#1881 = DIRECTION ( 'NONE',  ( 1.000000000000000000, 0.000000000000000000, 3.469446951953622866E-15 ) ) ;
#1882 = ORIENTED_EDGE ( 'NONE', *, *, #813, .T. ) ;
#1883 = DIRECTION ( 'NONE',  ( 0.000000000000000000, 1.000000000000000000, 0.000000000000000000 ) ) ;
#1884 = ORIENTED_EDGE ( 'NONE', *, *, #1926, .T. ) ;
#1885 = FACE_OUTER_BOUND ( 'NONE', #128, .T. ) ;
#1886 = VECTOR ( 'NONE', #780, 1000.000000000000000 ) ;
#1887 = ADVANCED_FACE ( 'NONE', ( #684 ), #2417, .F. ) ;
#1888 = CARTESIAN_POINT ( 'NONE',  ( 0.7249999999999999778, 0.09999999999999999167, 2.965004839655473062E-15 ) ) ;
#1889 = VECTOR ( 'NONE', #1094, 1000.000000000000000 ) ;
#1890 = ORIENTED_EDGE ( 'NONE', *, *, #629, .F. ) ;
#1891 = ADVANCED_FACE ( 'NONE', ( #1365 ), #1304, .T. ) ;
#1892 = CARTESIAN_POINT ( 'NONE',  ( -0.7250000000000021982, 0.1000000000000000056, 0.6499999999999983569 ) ) ;
#1893 = VERTEX_POINT ( 'NONE', #719 ) ;
#1894 = CARTESIAN_POINT ( 'NONE',  ( -1.000000000000002665, 0.1000000000000000056, 0.7749999999999970246 ) ) ;
#1895 = DIRECTION ( 'NONE',  ( -1.000000000000000000, 0.000000000000000000, -5.068502680640230570E-15 ) ) ;
#1896 = DIRECTION ( 'NONE',  ( 1.000000000000000000, 0.000000000000000000, 3.469446951953622866E-15 ) ) ;
#1897 = CARTESIAN_POINT ( 'NONE',  ( -0.7250000000000026423, 0.000000000000000000, 0.7749999999999975797 ) ) ;
#1898 = LINE ( 'NONE', #821, #199 ) ;
#1899 = CARTESIAN_POINT ( 'NONE',  ( -1.000000000000000444, 0.09999999999999999167, 0.1249999999999970440 ) ) ;
#1900 = ORIENTED_EDGE ( 'NONE', *, *, #2478, .T. ) ;
#1901 = VECTOR ( 'NONE', #2075, 1000.000000000000000 ) ;
#1902 = AXIS2_PLACEMENT_3D ( 'NONE', #1756, #1134, #1727 ) ;
#1903 = ORIENTED_EDGE ( 'NONE', *, *, #1030, .T. ) ;
#1904 = AXIS2_PLACEMENT_3D ( 'NONE', #2278, #1440, #373 ) ;
#1905 = CARTESIAN_POINT ( 'NONE',  ( 0.7249999999999972022, 0.09999999999999999167, 0.7750000000000025757 ) ) ;
#1906 = EDGE_CURVE ( 'NONE', #68, #2297, #1141, .T. ) ;
#1907 = CARTESIAN_POINT ( 'NONE',  ( 2.705898037603425589E-15, 0.05000000000000000278, -0.7749999999999992450 ) ) ;
#1908 = ORIENTED_EDGE ( 'NONE', *, *, #1208, .T. ) ;
#1909 = EDGE_CURVE ( 'NONE', #2394, #1726, #1749, .T. ) ;
#1910 = DIRECTION ( 'NONE',  ( 1.000000000000000000, 0.000000000000000000, 3.491481338843133355E-15 ) ) ;
#1911 = VECTOR ( 'NONE', #2210, 1000.000000000000000 ) ;
#1912 = ORIENTED_EDGE ( 'NONE', *, *, #7, .T. ) ;
#1913 = ORIENTED_EDGE ( 'NONE', *, *, #2757, .T. ) ;
#1914 = CARTESIAN_POINT ( 'NONE',  ( -0.7249999999999976463, 0.000000000000000000, -0.6500000000000015765 ) ) ;
#1915 = DIRECTION ( 'NONE',  ( -2.624119600854728625E-15, 0.000000000000000000, 1.000000000000000000 ) ) ;
#1916 = EDGE_LOOP ( 'NONE', ( #2383, #1768, #773, #2711 ) ) ;
#1917 = EDGE_CURVE ( 'NONE', #1106, #1529, #1632, .T. ) ;
#1918 = CARTESIAN_POINT ( 'NONE',  ( 0.3250000000000000111, 0.05000000000000000278, 1.134731435124018340E-15 ) ) ;
#1919 = DIRECTION ( 'NONE',  ( 5.068502680640230570E-15, 0.000000000000000000, -1.000000000000000000 ) ) ;
#1920 = ADVANCED_FACE ( 'NONE', ( #274 ), #1510, .T. ) ;
#1921 = DIRECTION ( 'NONE',  ( 1.000000000000000000, 0.000000000000000000, 3.469446951953622866E-15 ) ) ;
#1922 = VERTEX_POINT ( 'NONE', #482 ) ;
#1923 = CARTESIAN_POINT ( 'NONE',  ( -0.7322777255331893720, 0.5500000000000000444, -0.7156693573399769415 ) ) ;
#1924 = CARTESIAN_POINT ( 'NONE',  ( -0.6045574777784051834, 0.4500000000000000666, -0.7156693573399766084 ) ) ;
#1925 = DIRECTION ( 'NONE',  ( 1.000000000000000000, 0.000000000000000000, 3.491481338843133355E-15 ) ) ;
#1926 = EDGE_CURVE ( 'NONE', #1346, #1458, #930, .T. ) ;
#1927 = ORIENTED_EDGE ( 'NONE', *, *, #216, .F. ) ;
#1928 = DIRECTION ( 'NONE',  ( 1.914459997046036535E-15, 0.000000000000000000, -1.000000000000000000 ) ) ;
#1929 = ORIENTED_EDGE ( 'NONE', *, *, #2619, .T. ) ;
#1930 = VECTOR ( 'NONE', #1925, 1000.000000000000000 ) ;
#1931 = EDGE_LOOP ( 'NONE', ( #1245, #2597, #2463, #1255 ) ) ;
#1932 = FACE_OUTER_BOUND ( 'NONE', #2449, .T. ) ;
#1933 = ORIENTED_EDGE ( 'NONE', *, *, #2017, .T. ) ;
#1934 = DIRECTION ( 'NONE',  ( 0.000000000000000000, -1.000000000000000000, 0.000000000000000000 ) ) ;
#1935 = CYLINDRICAL_SURFACE ( 'NONE', #1263, 0.1277202477547841331 ) ;
#1936 = DIRECTION ( 'NONE',  ( 5.068502680640230570E-15, 0.000000000000000000, -1.000000000000000000 ) ) ;
#1937 = FACE_OUTER_BOUND ( 'NONE', #1916, .T. ) ;
#1938 = DIRECTION ( 'NONE',  ( 3.491481338843133355E-15, 0.000000000000000000, -1.000000000000000000 ) ) ;
#1939 = PRODUCT_CONTEXT ( 'NONE', #2318, 'mechanical' ) ;
#1940 = ORIENTED_EDGE ( 'NONE', *, *, #836, .T. ) ;
#1941 = CARTESIAN_POINT ( 'NONE',  ( -0.7249999999999972022, 0.1000000000000000056, -0.7750000000000016875 ) ) ;
#1942 = EDGE_CURVE ( 'NONE', #2579, #1230, #1570, .T. ) ;
#1943 = DIRECTION ( 'NONE',  ( 3.491481338843133355E-15, 0.000000000000000000, -1.000000000000000000 ) ) ;
#1944 = ORIENTED_EDGE ( 'NONE', *, *, #1641, .F. ) ;
#1945 = CIRCLE ( 'NONE', #350, 0.1249999999999996808 ) ;
#1946 = LINE ( 'NONE', #207, #1032 ) ;
#1947 = LINE ( 'NONE', #32, #160 ) ;
#1948 = ORIENTED_EDGE ( 'NONE', *, *, #746, .T. ) ;
#1949 = FACE_OUTER_BOUND ( 'NONE', #2551, .T. ) ;
#1950 = ORIENTED_EDGE ( 'NONE', *, *, #2044, .F. ) ;
#1951 = CARTESIAN_POINT ( 'NONE',  ( -0.7249999999999976463, 0.1000000000000000056, -0.6500000000000015765 ) ) ;
#1952 = VECTOR ( 'NONE', #1980, 1000.000000000000000 ) ;
#1953 = ORIENTED_EDGE ( 'NONE', *, *, #2123, .F. ) ;
#1954 = VECTOR ( 'NONE', #2448, 1000.000000000000000 ) ;
#1955 = DIRECTION ( 'NONE',  ( -1.000000000000000000, 0.000000000000000000, -5.068502680640230570E-15 ) ) ;
#1956 = DIRECTION ( 'NONE',  ( 0.000000000000000000, -1.000000000000000000, 0.000000000000000000 ) ) ;
#1957 = CARTESIAN_POINT ( 'NONE',  ( -0.7249999999999976463, 0.1000000000000000056, -0.6500000000000015765 ) ) ;
#1958 = VECTOR ( 'NONE', #1580, 1000.000000000000000 ) ;
#1959 = ORIENTED_EDGE ( 'NONE', *, *, #214, .F. ) ;
#1960 = VECTOR ( 'NONE', #983, 1000.000000000000000 ) ;
#1961 = ORIENTED_EDGE ( 'NONE', *, *, #521, .T. ) ;
#1962 = VECTOR ( 'NONE', #1177, 1000.000000000000000 ) ;
#1963 = DIRECTION ( 'NONE',  ( -0.000000000000000000, -1.000000000000000000, 0.000000000000000000 ) ) ;
#1964 = ORIENTED_EDGE ( 'NONE', *, *, #1110, .F. ) ;
#1965 = SURFACE_STYLE_FILL_AREA ( #2408 ) ;
#1966 = EDGE_LOOP ( 'NONE', ( #1650, #474, #1492, #563 ) ) ;
#1967 = CARTESIAN_POINT ( 'NONE',  ( -0.7250000000000004219, 0.1000000000000000056, 0.1249999999999980294 ) ) ;
#1968 = ORIENTED_EDGE ( 'NONE', *, *, #1035, .F. ) ;
#1969 = EDGE_CURVE ( 'NONE', #2502, #676, #924, .T. ) ;
#1970 = LINE ( 'NONE', #1352, #1542 ) ;
#1971 = FACE_OUTER_BOUND ( 'NONE', #2338, .T. ) ;
#1972 = EDGE_LOOP ( 'NONE', ( #145, #2010, #2130, #601 ) ) ;
#1973 = CARTESIAN_POINT ( 'NONE',  ( 1.000000000000001776, 0.09999999999999999167, -0.5249999999999959144 ) ) ;
#1974 = EDGE_LOOP ( 'NONE', ( #1347, #1856, #1678, #2543 ) ) ;
#1975 = ORIENTED_EDGE ( 'NONE', *, *, #1341, .F. ) ;
#1976 = EDGE_CURVE ( 'NONE', #2105, #2032, #1236, .T. ) ;
#1977 = SURFACE_SIDE_STYLE ('',( #2638 ) ) ;
#1978 = DIRECTION ( 'NONE',  ( 1.000000000000000000, 0.000000000000000000, 5.068502680640230570E-15 ) ) ;
#1979 = ORIENTED_EDGE ( 'NONE', *, *, #2603, .T. ) ;
#1980 = DIRECTION ( 'NONE',  ( 0.000000000000000000, -1.000000000000000000, 0.000000000000000000 ) ) ;
#1981 = ORIENTED_EDGE ( 'NONE', *, *, #2504, .T. ) ;
#1982 = VECTOR ( 'NONE', #174, 1000.000000000000000 ) ;
#1983 = CARTESIAN_POINT ( 'NONE',  ( -1.833027702892647773E-15, 0.05000000000000000278, 0.5250000000000006883 ) ) ;
#1984 = ADVANCED_FACE ( 'NONE', ( #1196 ), #1392, .T. ) ;
#1985 = CIRCLE ( 'NONE', #1318, 0.1249999999999996808 ) ;
#1986 = DIRECTION ( 'NONE',  ( 1.000000000000000000, 0.000000000000000000, 3.491481338843133355E-15 ) ) ;
#1987 = PLANE ( 'NONE',  #508 ) ;
#1988 = DIRECTION ( 'NONE',  ( 1.914459997046036140E-15, 0.000000000000000000, -1.000000000000000000 ) ) ;
#1989 = SURFACE_STYLE_USAGE ( .BOTH. , #2188 ) ;
#1990 = ORIENTED_EDGE ( 'NONE', *, *, #2536, .T. ) ;
#1991 = ORIENTED_EDGE ( 'NONE', *, *, #287, .T. ) ;
#1992 = ORIENTED_EDGE ( 'NONE', *, *, #143, .T. ) ;
#1993 = DIRECTION ( 'NONE',  ( -1.000000000000000000, 0.000000000000000000, -3.469446951953622866E-15 ) ) ;
#1994 = ORIENTED_EDGE ( 'NONE', *, *, #795, .F. ) ;
#1995 = CARTESIAN_POINT ( 'NONE',  ( 0.7249999999999972022, 0.1000000000000000056, 0.7750000000000025757 ) ) ;
#1996 = VERTEX_POINT ( 'NONE', #2659 ) ;
#1997 = LINE ( 'NONE', #1374, #2418 ) ;
#1998 = VECTOR ( 'NONE', #1864, 1000.000000000000000 ) ;
#1999 = EDGE_CURVE ( 'NONE', #2729, #2031, #2472, .T. ) ;
#2000 = CARTESIAN_POINT ( 'NONE',  ( 0.7249999999999972022, 0.5716990566028298248, 0.7750000000000025757 ) ) ;
#2001 = CIRCLE ( 'NONE', #536, 0.1249999999999996808 ) ;
#2002 = CARTESIAN_POINT ( 'NONE',  ( -0.7250000000000004219, 0.1000000000000000056, 0.1249999999999975853 ) ) ;
#2003 = EDGE_CURVE ( 'NONE', #1922, #594, #1414, .T. ) ;
#2004 = DIRECTION ( 'NONE',  ( -1.000000000000000000, 0.000000000000000000, -5.068502680640230570E-15 ) ) ;
#2005 = CARTESIAN_POINT ( 'NONE',  ( -0.7249999999999980904, 0.1000000000000000056, -0.5250000000000019096 ) ) ;
#2006 = VECTOR ( 'NONE', #1178, 1000.000000000000000 ) ;
#2007 = VERTEX_POINT ( 'NONE', #2509 ) ;
#2008 = AXIS2_PLACEMENT_3D ( 'NONE', #858, #1493, #2587 ) ;
#2009 = DIRECTION ( 'NONE',  ( -1.000000000000000000, 0.000000000000000000, -3.491481338843133355E-15 ) ) ;
#2010 = ORIENTED_EDGE ( 'NONE', *, *, #1515, .T. ) ;
#2011 = VECTOR ( 'NONE', #2166, 1000.000000000000000 ) ;
#2012 = UNCERTAINTY_MEASURE_WITH_UNIT (LENGTH_MEASURE( 1.000000000000000082E-05 ), #316, 'distance_accuracy_value', 'NONE');
#2013 = CIRCLE ( 'NONE', #449, 0.1277202477547841331 ) ;
#2014 = DIRECTION ( 'NONE',  ( 0.000000000000000000, -1.000000000000000000, 0.000000000000000000 ) ) ;
#2015 = ORIENTED_EDGE ( 'NONE', *, *, #1861, .T. ) ;
#2016 = EDGE_CURVE ( 'NONE', #941, #283, #2242, .T. ) ;
#2017 = EDGE_CURVE ( 'NONE', #1445, #2132, #183, .T. ) ;
#2018 = CARTESIAN_POINT ( 'NONE',  ( 1.000000000000002665, 0.5716990566028298248, -0.7749999999999956923 ) ) ;
#2019 = EDGE_CURVE ( 'NONE', #1712, #1458, #1817, .T. ) ;
#2020 = DIRECTION ( 'NONE',  ( 2.624119600854729019E-15, 0.000000000000000000, -1.000000000000000000 ) ) ;
#2021 = EDGE_CURVE ( 'NONE', #676, #13, #144, .T. ) ;
#2022 = CARTESIAN_POINT ( 'NONE',  ( -1.000000000000001776, 0.1000000000000000056, 0.5249999999999972466 ) ) ;
#2023 = DIRECTION ( 'NONE',  ( -1.000000000000000000, 0.000000000000000000, -3.491481338843133355E-15 ) ) ;
#2024 = VERTEX_POINT ( 'NONE', #764 ) ;
#2025 = EDGE_CURVE ( 'NONE', #2031, #2373, #1652, .T. ) ;
#2026 = FACE_OUTER_BOUND ( 'NONE', #921, .T. ) ;
#2027 = EDGE_LOOP ( 'NONE', ( #1103, #857, #85, #155 ) ) ;
#2028 = CARTESIAN_POINT ( 'NONE',  ( -1.483706497710675997E-15, 0.05000000000000000278, 0.7749999999999989120 ) ) ;
#2029 = CARTESIAN_POINT ( 'NONE',  ( 0.7249999999999972022, 0.000000000000000000, 0.7750000000000025757 ) ) ;
#2030 = DIRECTION ( 'NONE',  ( 0.000000000000000000, 1.000000000000000000, 0.000000000000000000 ) ) ;
#2031 = VERTEX_POINT ( 'NONE', #2674 ) ;
#2032 = VERTEX_POINT ( 'NONE', #337 ) ;
#2033 = DIRECTION ( 'NONE',  ( 1.000000000000000000, 0.000000000000000000, 3.469446951953622866E-15 ) ) ;
#2034 = VECTOR ( 'NONE', #309, 1000.000000000000000 ) ;
#2035 =( NAMED_UNIT ( * ) SI_UNIT ( $, .STERADIAN. ) SOLID_ANGLE_UNIT ( ) );
#2036 = CARTESIAN_POINT ( 'NONE',  ( 0.9999999999999965583, 0.05000000000000000278, 1.000000000000003553 ) ) ;
#2037 = DIRECTION ( 'NONE',  ( -2.624119600854728625E-15, 0.000000000000000000, 1.000000000000000000 ) ) ;
#2038 = CIRCLE ( 'NONE', #1760, 0.1249999999999996808 ) ;
#2039 = LINE ( 'NONE', #985, #947 ) ;
#2040 = VERTEX_POINT ( 'NONE', #376 ) ;
#2041 = FACE_OUTER_BOUND ( 'NONE', #1047, .T. ) ;
#2042 = EDGE_CURVE ( 'NONE', #1647, #1586, #1985, .T. ) ;
#2043 = ORIENTED_EDGE ( 'NONE', *, *, #250, .T. ) ;
#2044 = EDGE_CURVE ( 'NONE', #1579, #195, #1269, .T. ) ;
#2045 = SURFACE_SIDE_STYLE ('',( #2239 ) ) ;
#2046 = DIRECTION ( 'NONE',  ( 0.000000000000000000, 1.000000000000000000, 0.000000000000000000 ) ) ;
#2047 = LINE ( 'NONE', #114, #943 ) ;
#2048 = ORIENTED_EDGE ( 'NONE', *, *, #641, .F. ) ;
#2049 = VERTEX_POINT ( 'NONE', #352 ) ;
#2050 = DIRECTION ( 'NONE',  ( -1.000000000000000000, 0.000000000000000000, -3.469446951953622866E-15 ) ) ;
#2051 = CARTESIAN_POINT ( 'NONE',  ( -0.7250000000000021982, 0.000000000000000000, 0.6499999999999983569 ) ) ;
#2052 = LINE ( 'NONE', #1379, #2524 ) ;
#2053 = DIRECTION ( 'NONE',  ( -1.000000000000000000, 0.000000000000000000, -3.395552988801315578E-15 ) ) ;
#2054 = MECHANICAL_DESIGN_GEOMETRIC_PRESENTATION_REPRESENTATION (  '', ( #612 ), #2673 ) ;
#2055 = VECTOR ( 'NONE', #1441, 1000.000000000000000 ) ;
#2056 = DIRECTION ( 'NONE',  ( 1.000000000000000000, 0.000000000000000000, 3.491481338843133355E-15 ) ) ;
#2057 = ORIENTED_EDGE ( 'NONE', *, *, #646, .T. ) ;
#2058 = AXIS2_PLACEMENT_3D ( 'NONE', #1077, #1506, #2366 ) ;
#2059 = DIRECTION ( 'NONE',  ( 0.000000000000000000, 1.000000000000000000, 0.000000000000000000 ) ) ;
#2060 = PLANE ( 'NONE',  #119 ) ;
#2061 = EDGE_LOOP ( 'NONE', ( #2667, #576, #67, #2477 ) ) ;
#2062 = VECTOR ( 'NONE', #2553, 1000.000000000000000 ) ;
#2063 = DIRECTION ( 'NONE',  ( 0.000000000000000000, 1.000000000000000000, 0.000000000000000000 ) ) ;
#2064 = DIRECTION ( 'NONE',  ( -1.000000000000000000, 0.000000000000000000, -1.914459997046036140E-15 ) ) ;
#2065 = FACE_OUTER_BOUND ( 'NONE', #885, .T. ) ;
#2066 = FACE_BOUND ( 'NONE', #43, .T. ) ;
#2067 = CARTESIAN_POINT ( 'NONE',  ( -0.7249999999999980904, 0.000000000000000000, -0.5250000000000023537 ) ) ;
#2068 = ORIENTED_EDGE ( 'NONE', *, *, #1942, .T. ) ;
#2069 = PLANE ( 'NONE',  #825 ) ;
#2070 = CIRCLE ( 'NONE', #1478, 0.1249999999999996808 ) ;
#2071 = LINE ( 'NONE', #999, #1285 ) ;
#2072 = ORIENTED_EDGE ( 'NONE', *, *, #898, .T. ) ;
#2073 = DIRECTION ( 'NONE',  ( -1.000000000000000000, 0.000000000000000000, -3.395552988801315578E-15 ) ) ;
#2074 = EDGE_CURVE ( 'NONE', #512, #1712, #2038, .T. ) ;
#2075 = DIRECTION ( 'NONE',  ( 0.000000000000000000, -1.000000000000000000, 0.000000000000000000 ) ) ;
#2076 = LINE ( 'NONE', #1655, #809 ) ;
#2077 = FACE_OUTER_BOUND ( 'NONE', #1972, .T. ) ;
#2078 = FACE_OUTER_BOUND ( 'NONE', #2633, .T. ) ;
#2079 = VECTOR ( 'NONE', #2460, 1000.000000000000000 ) ;
#2080 = LINE ( 'NONE', #2067, #1107 ) ;
#2081 = ORIENTED_EDGE ( 'NONE', *, *, #2504, .F. ) ;
#2082 = CLOSED_SHELL ( 'NONE', ( #561, #1001, #1740, #1520, #2440, #2484, #1795 ) ) ;
#2083 = CARTESIAN_POINT ( 'NONE',  ( 0.9999999999999983347, 0.09999999999999999167, 0.5250000000000042411 ) ) ;
#2084 = VERTEX_POINT ( 'NONE', #2688 ) ;
#2085 = CARTESIAN_POINT ( 'NONE',  ( -0.6000000000000003109, 0.1000000000000000056, -1.227527065317477452E-15 ) ) ;
#2086 = ORIENTED_EDGE ( 'NONE', *, *, #143, .F. ) ;
#2087 = DIRECTION ( 'NONE',  ( 1.914459997046036535E-15, 0.000000000000000000, -1.000000000000000000 ) ) ;
#2088 = EDGE_CURVE ( 'NONE', #1567, #692, #788, .T. ) ;
#2089 = PLANE ( 'NONE',  #632 ) ;
#2090 = CARTESIAN_POINT ( 'NONE',  ( 0.3249999999999974021, 0.1000000000000000472, 0.7250000000000007550 ) ) ;
#2091 = CIRCLE ( 'NONE', #2273, 0.1277202477547841331 ) ;
#2092 = FACE_OUTER_BOUND ( 'NONE', #2349, .T. ) ;
#2093 = EDGE_LOOP ( 'NONE', ( #1521, #349, #880, #904 ) ) ;
#2094 = VECTOR ( 'NONE', #189, 1000.000000000000000 ) ;
#2095 = VECTOR ( 'NONE', #495, 1000.000000000000000 ) ;
#2096 = VECTOR ( 'NONE', #154, 1000.000000000000000 ) ;
#2097 = DIRECTION ( 'NONE',  ( 3.491481338843133355E-15, 0.000000000000000000, -1.000000000000000000 ) ) ;
#2098 = ORIENTED_EDGE ( 'NONE', *, *, #650, .T. ) ;
#2099 = CARTESIAN_POINT ( 'NONE',  ( 0.3249999999999974021, 0.1000000000000000472, 0.7250000000000007550 ) ) ;
#2100 = PRESENTATION_LAYER_ASSIGNMENT (  '', '', ( #587 ) ) ;
#2101 = AXIS2_PLACEMENT_3D ( 'NONE', #2655, #1767, #1993 ) ;
#2102 = ADVANCED_FACE ( 'NONE', ( #2296 ), #1612, .F. ) ;
#2103 = CARTESIAN_POINT ( 'NONE',  ( 0.9999999999999983347, 0.1000000000000000056, 0.5250000000000042411 ) ) ;
#2104 = FACE_OUTER_BOUND ( 'NONE', #1757, .T. ) ;
#2105 = VERTEX_POINT ( 'NONE', #2255 ) ;
#2106 = DIRECTION ( 'NONE',  ( 0.000000000000000000, -1.000000000000000000, 0.000000000000000000 ) ) ;
#2107 = EDGE_CURVE ( 'NONE', #579, #2105, #2734, .T. ) ;
#2108 = CARTESIAN_POINT ( 'NONE',  ( -0.7249999999999976463, 0.09999999999999999167, -0.6500000000000015765 ) ) ;
#2109 = CARTESIAN_POINT ( 'NONE',  ( -0.1249999999999966138, 0.1000000000000000472, -0.7250000000000000888 ) ) ;
#2110 = CARTESIAN_POINT ( 'NONE',  ( 1.000000000000001776, 0.5716990566028298248, -0.5249999999999959144 ) ) ;
#2111 = ORIENTED_EDGE ( 'NONE', *, *, #2308, .F. ) ;
#2112 = DIRECTION ( 'NONE',  ( -1.000000000000000000, 0.000000000000000000, -3.469446951953622866E-15 ) ) ;
#2113 = ORIENTED_EDGE ( 'NONE', *, *, #1427, .T. ) ;
#2114 = CARTESIAN_POINT ( 'NONE',  ( -0.7249999999999980904, 0.5716990566028298248, -0.5250000000000023537 ) ) ;
#2115 = ADVANCED_FACE ( 'NONE', ( #1212 ), #130, .F. ) ;
#2116 = LINE ( 'NONE', #1897, #1535 ) ;
#2117 = FACE_OUTER_BOUND ( 'NONE', #2434, .T. ) ;
#2118 = AXIS2_PLACEMENT_3D ( 'NONE', #984, #134, #1583 ) ;
#2119 = CARTESIAN_POINT ( 'NONE',  ( 0.7250000000000021982, 0.05000000000000000278, -0.6499999999999970246 ) ) ;
#2120 = VECTOR ( 'NONE', #1844, 1000.000000000000000 ) ;
#2121 = DIRECTION ( 'NONE',  ( 3.274640904346032468E-15, 0.000000000000000000, -1.000000000000000000 ) ) ;
#2122 = ORIENTED_EDGE ( 'NONE', *, *, #1060, .T. ) ;
#2123 = EDGE_CURVE ( 'NONE', #1278, #425, #2312, .T. ) ;
#2124 = EDGE_CURVE ( 'NONE', #1996, #2251, #2582, .T. ) ;
#2125 = LINE ( 'NONE', #45, #1514 ) ;
#2126 = CARTESIAN_POINT ( 'NONE',  ( 1.000000000000003109, 0.05000000000000000278, -0.9999999999999965583 ) ) ;
#2127 = SURFACE_STYLE_USAGE ( .BOTH. , #827 ) ;
#2128 = ORIENTED_EDGE ( 'NONE', *, *, #1716, .T. ) ;
#2129 = LINE ( 'NONE', #196, #896 ) ;
#2130 = ORIENTED_EDGE ( 'NONE', *, *, #2227, .T. ) ;
#2131 = DIRECTION ( 'NONE',  ( 1.000000000000000000, 0.000000000000000000, 3.491481338843133355E-15 ) ) ;
#2132 = VERTEX_POINT ( 'NONE', #2142 ) ;
#2133 = EDGE_LOOP ( 'NONE', ( #2098, #1517, #89, #471, #1473, #876, #649, #2754, #2765, #2206, #1769, #329, #1991, #2599, #613, #1882 ) ) ;
#2134 = VECTOR ( 'NONE', #718, 1000.000000000000000 ) ;
#2135 = AXIS2_PLACEMENT_3D ( 'NONE', #599, #2343, #2306 ) ;
#2136 = DIRECTION ( 'NONE',  ( 3.491481338843133355E-15, 0.000000000000000000, -1.000000000000000000 ) ) ;
#2137 = ORIENTED_EDGE ( 'NONE', *, *, #1317, .F. ) ;
#2138 = ADVANCED_FACE ( 'NONE', ( #386 ), #817, .T. ) ;
#2139 = VECTOR ( 'NONE', #593, 1000.000000000000000 ) ;
#2140 = DIRECTION ( 'NONE',  ( 1.000000000000000000, 0.000000000000000000, 3.491481338843133355E-15 ) ) ;
#2141 = VECTOR ( 'NONE', #2554, 1000.000000000000000 ) ;
#2142 = CARTESIAN_POINT ( 'NONE',  ( -0.5999999999999979794, 0.000000000000000000, -0.6500000000000011324 ) ) ;
#2143 = VERTEX_POINT ( 'NONE', #209 ) ;
#2144 = LINE ( 'NONE', #2171, #491 ) ;
#2145 = MECHANICAL_DESIGN_GEOMETRIC_PRESENTATION_REPRESENTATION (  '', ( #587 ), #1169 ) ;
#2146 = DIRECTION ( 'NONE',  ( -1.000000000000000000, 0.000000000000000000, -3.395552988801315578E-15 ) ) ;
#2147 = CIRCLE ( 'NONE', #955, 0.1249999999999996808 ) ;
#2148 = CYLINDRICAL_SURFACE ( 'NONE', #2389, 0.1249999999999996808 ) ;
#2149 = VERTEX_POINT ( 'NONE', #1694 ) ;
#2150 = ORIENTED_EDGE ( 'NONE', *, *, #187, .T. ) ;
#2151 = CARTESIAN_POINT ( 'NONE',  ( 0.9999999999999983347, 0.000000000000000000, 0.5250000000000042411 ) ) ;
#2152 = CARTESIAN_POINT ( 'NONE',  ( -0.3249999999999980127, 0.1000000000000000472, -0.5250000000000007994 ) ) ;
#2153 = ORIENTED_EDGE ( 'NONE', *, *, #765, .T. ) ;
#2154 = DIRECTION ( 'NONE',  ( 3.491481338843133355E-15, 0.000000000000000000, -1.000000000000000000 ) ) ;
#2155 = ORIENTED_EDGE ( 'NONE', *, *, #1608, .T. ) ;
#2156 = CARTESIAN_POINT ( 'NONE',  ( -0.9999999999999970024, 0.5500000000000001554, -1.000000000000003553 ) ) ;
#2157 = PRODUCT_DEFINITION ( 'UNKNOWN', '', #991, #732 ) ;
#2158 = LINE ( 'NONE', #2416, #205 ) ;
#2159 = CARTESIAN_POINT ( 'NONE',  ( 0.7249999999999999778, 0.5716990566028298248, 2.965004839655473062E-15 ) ) ;
#2160 =( NAMED_UNIT ( * ) SI_UNIT ( $, .STERADIAN. ) SOLID_ANGLE_UNIT ( ) );
#2161 = ORIENTED_EDGE ( 'NONE', *, *, #1276, .T. ) ;
#2162 = DIRECTION ( 'NONE',  ( -1.000000000000000000, 0.000000000000000000, -1.914459997046036535E-15 ) ) ;
#2163 = CIRCLE ( 'NONE', #146, 0.1249999999999996808 ) ;
#2164 = ORIENTED_EDGE ( 'NONE', *, *, #2315, .F. ) ;
#2165 = VECTOR ( 'NONE', #1002, 1000.000000000000000 ) ;
#2166 = DIRECTION ( 'NONE',  ( -0.7071067811865515695, 0.000000000000000000, 0.7071067811865435759 ) ) ;
#2167 = DIRECTION ( 'NONE',  ( -3.684228391729445605E-15, 0.000000000000000000, 1.000000000000000000 ) ) ;
#2168 = EDGE_LOOP ( 'NONE', ( #2637, #2457, #972, #2718 ) ) ;
#2169 = CARTESIAN_POINT ( 'NONE',  ( -0.7250000000000004219, 0.000000000000000000, 0.1249999999999980294 ) ) ;
#2170 = ORIENTED_EDGE ( 'NONE', *, *, #1515, .F. ) ;
#2171 = CARTESIAN_POINT ( 'NONE',  ( 0.7249999999999995337, 0.09999999999999999167, 0.1250000000000026368 ) ) ;
#2172 = DIRECTION ( 'NONE',  ( 1.000000000000000000, 0.000000000000000000, 3.491481338843133355E-15 ) ) ;
#2173 = CARTESIAN_POINT ( 'NONE',  ( -0.9999999999999970024, 0.05000000000000000278, -1.000000000000003553 ) ) ;
#2174 = DIRECTION ( 'NONE',  ( 5.068502680640230570E-15, 0.000000000000000000, -1.000000000000000000 ) ) ;
#2175 = ORIENTED_EDGE ( 'NONE', *, *, #1203, .F. ) ;
#2176 = EDGE_LOOP ( 'NONE', ( #487, #2731, #190, #463 ) ) ;
#2177 = ORIENTED_EDGE ( 'NONE', *, *, #1110, .T. ) ;
#2178 = FILL_AREA_STYLE_COLOUR ( '', #1786 ) ;
#2179 = ORIENTED_EDGE ( 'NONE', *, *, #1224, .F. ) ;
#2180 = FILL_AREA_STYLE_COLOUR ( '', #1823 ) ;
#2181 = ORIENTED_EDGE ( 'NONE', *, *, #131, .T. ) ;
#2182 = DIRECTION ( 'NONE',  ( -0.000000000000000000, -1.000000000000000000, 0.000000000000000000 ) ) ;
#2183 = CARTESIAN_POINT ( 'NONE',  ( -0.6000000000000025313, 0.000000000000000000, 0.6499999999999988010 ) ) ;
#2184 = PRESENTATION_LAYER_ASSIGNMENT (  '', '', ( #353 ) ) ;
#2185 = EDGE_CURVE ( 'NONE', #2522, #1702, #2228, .T. ) ;
#2186 = LINE ( 'NONE', #1557, #1511 ) ;
#2187 = DIRECTION ( 'NONE',  ( -0.000000000000000000, -1.000000000000000000, 0.000000000000000000 ) ) ;
#2188 = SURFACE_SIDE_STYLE ('',( #911 ) ) ;
#2189 = ADVANCED_FACE ( 'NONE', ( #223 ), #1707, .F. ) ;
#2190 = LINE ( 'NONE', #2595, #429 ) ;
#2191 =( GEOMETRIC_REPRESENTATION_CONTEXT ( 3 ) GLOBAL_UNCERTAINTY_ASSIGNED_CONTEXT ( ( #1784 ) ) GLOBAL_UNIT_ASSIGNED_CONTEXT ( ( #12, #2347, #855 ) ) REPRESENTATION_CONTEXT ( 'NONE', 'WORKASPACE' ) );
#2192 = ADVANCED_FACE ( 'NONE', ( #1452 ), #653, .F. ) ;
#2193 = EDGE_LOOP ( 'NONE', ( #98, #609, #1323, #678, #53, #302, #828, #1890, #2390, #1619, #2725, #2111, #455, #1050, #1358, #662, #603, #1950, #538, #1927, #2164, #2627, #1075, #2424, #1867, #1994, #2137, #1295, #375, #757, #932 ) ) ;
#2194 =( NAMED_UNIT ( * ) PLANE_ANGLE_UNIT ( ) SI_UNIT ( $, .RADIAN. ) );
#2195 =( NAMED_UNIT ( * ) SI_UNIT ( $, .STERADIAN. ) SOLID_ANGLE_UNIT ( ) );
#2196 = VERTEX_POINT ( 'NONE', #424 ) ;
#2197 = CARTESIAN_POINT ( 'NONE',  ( -0.7249999999999972022, 0.05000000000000000278, -0.7750000000000016875 ) ) ;
#2198 = DIRECTION ( 'NONE',  ( -3.274640904346032468E-15, 0.000000000000000000, 1.000000000000000000 ) ) ;
#2199 = CARTESIAN_POINT ( 'NONE',  ( -0.7249999999999980904, 0.1000000000000000056, -0.5250000000000023537 ) ) ;
#2200 = EDGE_LOOP ( 'NONE', ( #1801, #2081, #912, #1298 ) ) ;
#2201 = MANIFOLD_SOLID_BREP ( 'Body-Move/Copy1[4]', #1852 ) ;
#2202 = VERTEX_POINT ( 'NONE', #169 ) ;
#2203 = VERTEX_POINT ( 'NONE', #1062 ) ;
#2204 = ADVANCED_FACE ( 'NONE', ( #1682 ), #2532, .F. ) ;
#2205 =( NAMED_UNIT ( * ) PLANE_ANGLE_UNIT ( ) SI_UNIT ( $, .RADIAN. ) );
#2206 = ORIENTED_EDGE ( 'NONE', *, *, #592, .T. ) ;
#2207 = EDGE_CURVE ( 'NONE', #803, #2740, #2091, .T. ) ;
#2208 = VECTOR ( 'NONE', #1943, 1000.000000000000000 ) ;
#2209 = DIRECTION ( 'NONE',  ( -0.000000000000000000, -1.000000000000000000, 0.000000000000000000 ) ) ;
#2210 = DIRECTION ( 'NONE',  ( 3.491481338843133355E-15, 0.000000000000000000, -1.000000000000000000 ) ) ;
#2211 = VECTOR ( 'NONE', #371, 1000.000000000000000 ) ;
#2212 = CARTESIAN_POINT ( 'NONE',  ( -0.7250000000000021982, 0.09999999999999999167, 0.6499999999999983569 ) ) ;
#2213 = CARTESIAN_POINT ( 'NONE',  ( 0.7249999999999972022, 0.000000000000000000, 0.7750000000000025757 ) ) ;
#2214 = DIRECTION ( 'NONE',  ( 0.000000000000000000, -1.000000000000000000, 0.000000000000000000 ) ) ;
#2215 = EDGE_LOOP ( 'NONE', ( #1700, #2179, #760, #344 ) ) ;
#2216 = EDGE_CURVE ( 'NONE', #2143, #1097, #1254, .T. ) ;
#2217 = CARTESIAN_POINT ( 'NONE',  ( -0.7249999999999972022, 0.5716990566028298248, -0.7750000000000016875 ) ) ;
#2218 = EDGE_LOOP ( 'NONE', ( #1981, #833, #742, #1961, #2364, #2767, #219, #748, #2555, #101, #1779, #2616, #951, #2404, #1975, #1620 ) ) ;
#2219 = FACE_OUTER_BOUND ( 'NONE', #783, .T. ) ;
#2220 = DIRECTION ( 'NONE',  ( -1.000000000000000000, 0.000000000000000000, -3.491481338843133355E-15 ) ) ;
#2221 = EDGE_CURVE ( 'NONE', #1893, #2248, #2001, .T. ) ;
#2222 = DIRECTION ( 'NONE',  ( -0.000000000000000000, -1.000000000000000000, 0.000000000000000000 ) ) ;
#2223 = ORIENTED_EDGE ( 'NONE', *, *, #2216, .F. ) ;
#2224 = PRESENTATION_LAYER_ASSIGNMENT (  '', '', ( #657 ) ) ;
#2225 = LINE ( 'NONE', #936, #2635 ) ;
#2226 = COLOUR_RGB ( '',0.7960784313725489669, 0.8235294117647058432, 0.9372549019607843146 ) ;
#2227 = EDGE_CURVE ( 'NONE', #1720, #2277, #1360, .T. ) ;
#2228 = CIRCLE ( 'NONE', #801, 0.1249999999999996808 ) ;
#2229 = DIRECTION ( 'NONE',  ( 0.000000000000000000, 1.000000000000000000, 0.000000000000000000 ) ) ;
#2230 = CARTESIAN_POINT ( 'NONE',  ( -1.902486710619677533E-15, 0.05000000000000000278, 0.7249999999999998668 ) ) ;
#2231 = CARTESIAN_POINT ( 'NONE',  ( -1.000000000000000444, 0.05000000000000000278, 0.1249999999999970440 ) ) ;
#2232 = AXIS2_PLACEMENT_3D ( 'NONE', #753, #1919, #1310 ) ;
#2233 = EDGE_LOOP ( 'NONE', ( #1948, #1546, #2596, #1402 ) ) ;
#2234 = PLANE ( 'NONE',  #24 ) ;
#2235 = VECTOR ( 'NONE', #430, 1000.000000000000000 ) ;
#2236 = LINE ( 'NONE', #2217, #645 ) ;
#2237 = ORIENTED_EDGE ( 'NONE', *, *, #813, .F. ) ;
#2238 = AXIS2_PLACEMENT_3D ( 'NONE', #1154, #2252, #716 ) ;
#2239 = SURFACE_STYLE_FILL_AREA ( #1191 ) ;
#2240 = CARTESIAN_POINT ( 'NONE',  ( -0.3250000000000025091, 1.689024858207070379, 0.7249999999999990896 ) ) ;
#2241 = ORIENTED_EDGE ( 'NONE', *, *, #1096, .F. ) ;
#2242 = LINE ( 'NONE', #156, #56 ) ;
#2243 = LINE ( 'NONE', #1819, #1216 ) ;
#2244 = CARTESIAN_POINT ( 'NONE',  ( 1.005091498449171104E-15, 0.05000000000000000278, -0.5250000000000010214 ) ) ;
#2245 = DIRECTION ( 'NONE',  ( 1.000000000000000000, 0.000000000000000000, 3.491481338843133355E-15 ) ) ;
#2246 = ORIENTED_EDGE ( 'NONE', *, *, #1315, .F. ) ;
#2247 = DIRECTION ( 'NONE',  ( 0.000000000000000000, -1.000000000000000000, 0.000000000000000000 ) ) ;
#2248 = VERTEX_POINT ( 'NONE', #1121 ) ;
#2249 =( NAMED_UNIT ( * ) SI_UNIT ( $, .STERADIAN. ) SOLID_ANGLE_UNIT ( ) );
#2250 = DIRECTION ( 'NONE',  ( 0.000000000000000000, -1.000000000000000000, 0.000000000000000000 ) ) ;
#2251 = VERTEX_POINT ( 'NONE', #1151 ) ;
#2252 = DIRECTION ( 'NONE',  ( 0.000000000000000000, 1.000000000000000000, 0.000000000000000000 ) ) ;
#2253 = ORIENTED_EDGE ( 'NONE', *, *, #956, .F. ) ;
#2254 = MANIFOLD_SOLID_BREP ( 'Body-Move/Copy1[3]', #2082 ) ;
#2255 = CARTESIAN_POINT ( 'NONE',  ( 0.7249999999999980904, 0.09999999999999999167, 0.5250000000000032419 ) ) ;
#2256 = VECTOR ( 'NONE', #558, 1000.000000000000000 ) ;
#2257 = SURFACE_SIDE_STYLE ('',( #523 ) ) ;
#2258 = LINE ( 'NONE', #306, #717 ) ;
#2259 = CARTESIAN_POINT ( 'NONE',  ( -1.000000000000001776, 0.09999999999999999167, 0.5249999999999972466 ) ) ;
#2260 = VECTOR ( 'NONE', #1938, 1000.000000000000000 ) ;
#2261 = FACE_OUTER_BOUND ( 'NONE', #1742, .T. ) ;
#2262 = PLANE ( 'NONE',  #1052 ) ;
#2263 = VERTEX_POINT ( 'NONE', #679 ) ;
#2264 = MANIFOLD_SOLID_BREP ( 'Body-Move/Copy1[8]', #789 ) ;
#2265 = FACE_OUTER_BOUND ( 'NONE', #1332, .T. ) ;
#2266 = ORIENTED_EDGE ( 'NONE', *, *, #1317, .T. ) ;
#2267 = EDGE_CURVE ( 'NONE', #2251, #92, #1085, .T. ) ;
#2268 = CARTESIAN_POINT ( 'NONE',  ( 0.7249999999999980904, 0.5716990566028298248, 0.5250000000000032419 ) ) ;
#2269 = DIRECTION ( 'NONE',  ( 5.068502680640230570E-15, 0.000000000000000000, -1.000000000000000000 ) ) ;
#2270 = DIRECTION ( 'NONE',  ( 1.000000000000000000, 0.000000000000000000, 3.491481338843133355E-15 ) ) ;
#2271 = PLANE ( 'NONE',  #1849 ) ;
#2272 = DIRECTION ( 'NONE',  ( -3.491481338843133355E-15, 0.000000000000000000, 1.000000000000000000 ) ) ;
#2273 = AXIS2_PLACEMENT_3D ( 'NONE', #2755, #2323, #2348 ) ;
#2274 = AXIS2_PLACEMENT_3D ( 'NONE', #1618, #1200, #2053 ) ;
#2275 = ADVANCED_FACE ( 'NONE', ( #1949 ), #257, .F. ) ;
#2276 = CARTESIAN_POINT ( 'NONE',  ( 1.000000000000001776, 0.5716990566028298248, -0.5249999999999959144 ) ) ;
#2277 = VERTEX_POINT ( 'NONE', #1350 ) ;
#2278 = CARTESIAN_POINT ( 'NONE',  ( -0.7249999999999976463, 0.000000000000000000, -0.6500000000000015765 ) ) ;
#2279 = DIRECTION ( 'NONE',  ( -1.000000000000000000, 0.000000000000000000, -3.491481338843133355E-15 ) ) ;
#2280 = EDGE_CURVE ( 'NONE', #1996, #483, #460, .T. ) ;
#2281 = DIRECTION ( 'NONE',  ( 2.624119600854729019E-15, 0.000000000000000000, -1.000000000000000000 ) ) ;
#2282 = ORIENTED_EDGE ( 'NONE', *, *, #1078, .T. ) ;
#2283 = VECTOR ( 'NONE', #116, 1000.000000000000000 ) ;
#2284 = CARTESIAN_POINT ( 'NONE',  ( -0.7249999999999976463, 0.000000000000000000, -0.6500000000000015765 ) ) ;
#2285 = SURFACE_SIDE_STYLE ('',( #819 ) ) ;
#2286 = CYLINDRICAL_SURFACE ( 'NONE', #1168, 0.1277202477547841331 ) ;
#2287 = DIRECTION ( 'NONE',  ( -3.491481338843133355E-15, 0.000000000000000000, 1.000000000000000000 ) ) ;
#2288 = CARTESIAN_POINT ( 'NONE',  ( 0.7250000000000026423, 0.09999999999999999167, -0.7749999999999966915 ) ) ;
#2289 = PLANE ( 'NONE',  #942 ) ;
#2290 = ORIENTED_EDGE ( 'NONE', *, *, #1249, .F. ) ;
#2291 = DIRECTION ( 'NONE',  ( 1.000000000000000000, 0.000000000000000000, 3.491481338843133355E-15 ) ) ;
#2292 = DIRECTION ( 'NONE',  ( 0.000000000000000000, 1.000000000000000000, 0.000000000000000000 ) ) ;
#2293 = CARTESIAN_POINT ( 'NONE',  ( 0.000000000000000000, 0.000000000000000000, 0.000000000000000000 ) ) ;
#2294 = ORIENTED_EDGE ( 'NONE', *, *, #2298, .F. ) ;
#2295 = ADVANCED_FACE ( 'NONE', ( #1932 ), #1533, .F. ) ;
#2296 = FACE_OUTER_BOUND ( 'NONE', #1161, .T. ) ;
#2297 = VERTEX_POINT ( 'NONE', #2169 ) ;
#2298 = EDGE_CURVE ( 'NONE', #1597, #2613, #34, .T. ) ;
#2299 = CARTESIAN_POINT ( 'NONE',  ( -1.000000000000001776, 0.1000000000000000056, 0.5249999999999972466 ) ) ;
#2300 = ADVANCED_FACE ( 'NONE', ( #2600 ), #1855, .T. ) ;
#2301 = VECTOR ( 'NONE', #1691, 1000.000000000000000 ) ;
#2302 = LINE ( 'NONE', #402, #1869 ) ;
#2303 = AXIS2_PLACEMENT_3D ( 'NONE', #184, #2745, #1910 ) ;
#2304 = LINE ( 'NONE', #2773, #928 ) ;
#2305 = CARTESIAN_POINT ( 'NONE',  ( -0.9999999999999974465, 0.09999999999999999167, -0.7750000000000026867 ) ) ;
#2306 = DIRECTION ( 'NONE',  ( 1.000000000000000000, 0.000000000000000000, 3.491481338843133355E-15 ) ) ;
#2307 = VECTOR ( 'NONE', #1797, 1000.000000000000000 ) ;
#2308 = EDGE_CURVE ( 'NONE', #1753, #2686, #1221, .T. ) ;
#2309 = DIRECTION ( 'NONE',  ( 0.000000000000000000, -1.000000000000000000, 0.000000000000000000 ) ) ;
#2310 = ORIENTED_EDGE ( 'NONE', *, *, #1024, .F. ) ;
#2311 = EDGE_CURVE ( 'NONE', #55, #1312, #141, .T. ) ;
#2312 = LINE ( 'NONE', #2739, #1680 ) ;
#2313 = ORIENTED_EDGE ( 'NONE', *, *, #2019, .T. ) ;
#2314 = SURFACE_STYLE_USAGE ( .BOTH. , #2285 ) ;
#2315 = EDGE_CURVE ( 'NONE', #483, #2040, #2685, .T. ) ;
#2316 = ORIENTED_EDGE ( 'NONE', *, *, #1341, .T. ) ;
#2317 = CYLINDRICAL_SURFACE ( 'NONE', #1378, 0.1249999999999996808 ) ;
#2318 = APPLICATION_CONTEXT ( 'automotive_design' ) ;
#2319 = FACE_OUTER_BOUND ( 'NONE', #2428, .T. ) ;
#2320 = PLANE ( 'NONE',  #434 ) ;
#2321 = EDGE_LOOP ( 'NONE', ( #708, #2237, #1968, #1399, #413 ) ) ;
#2322 = AXIS2_PLACEMENT_3D ( 'NONE', #88, #370, #2678 ) ;
#2323 = DIRECTION ( 'NONE',  ( 0.000000000000000000, 1.000000000000000000, 0.000000000000000000 ) ) ;
#2324 = VERTEX_POINT ( 'NONE', #1800 ) ;
#2325 = FILL_AREA_STYLE_COLOUR ( '', #888 ) ;
#2326 = AXIS2_PLACEMENT_3D ( 'NONE', #1596, #2456, #2643 ) ;
#2327 = CARTESIAN_POINT ( 'NONE',  ( -0.3249999999999980127, 0.000000000000000000, -0.5250000000000007994 ) ) ;
#2328 = EDGE_CURVE ( 'NONE', #797, #594, #1401, .T. ) ;
#2329 = CARTESIAN_POINT ( 'NONE',  ( 0.3250000000000026201, 0.000000000000000000, -0.7249999999999986455 ) ) ;
#2330 = CARTESIAN_POINT ( 'NONE',  ( -6.335628350800236937E-16, 0.05000000000000000278, 0.1249999999999989730 ) ) ;
#2331 = EDGE_CURVE ( 'NONE', #283, #2373, #2411, .T. ) ;
#2332 = DIRECTION ( 'NONE',  ( 1.000000000000000000, 0.000000000000000000, 3.491481338843133355E-15 ) ) ;
#2333 = ADVANCED_FACE ( 'NONE', ( #2265 ), #747, .T. ) ;
#2334 = CARTESIAN_POINT ( 'NONE',  ( -0.9999999999999974465, 0.1000000000000000056, -0.7750000000000026867 ) ) ;
#2335 = ORIENTED_EDGE ( 'NONE', *, *, #1147, .T. ) ;
#2336 = CARTESIAN_POINT ( 'NONE',  ( -0.7249999999999976463, 0.1000000000000000056, -0.6500000000000015765 ) ) ;
#2337 = FILL_AREA_STYLE ('',( #177 ) ) ;
#2338 = EDGE_LOOP ( 'NONE', ( #2043, #1167, #1507, #2316 ) ) ;
#2339 = FACE_OUTER_BOUND ( 'NONE', #2664, .T. ) ;
#2340 = DIRECTION ( 'NONE',  ( -3.491481338843133355E-15, 0.000000000000000000, 1.000000000000000000 ) ) ;
#2341 = FACE_OUTER_BOUND ( 'NONE', #385, .T. ) ;
#2342 = EDGE_CURVE ( 'NONE', #1068, #704, #2505, .T. ) ;
#2343 = DIRECTION ( 'NONE',  ( 0.000000000000000000, 1.000000000000000000, 0.000000000000000000 ) ) ;
#2344 = DIRECTION ( 'NONE',  ( -3.491481338843133355E-15, 0.000000000000000000, 1.000000000000000000 ) ) ;
#2345 = CIRCLE ( 'NONE', #517, 0.1249999999999996808 ) ;
#2346 = ORIENTED_EDGE ( 'NONE', *, *, #448, .T. ) ;
#2347 =( NAMED_UNIT ( * ) PLANE_ANGLE_UNIT ( ) SI_UNIT ( $, .RADIAN. ) );
#2348 = DIRECTION ( 'NONE',  ( -1.000000000000000000, 0.000000000000000000, -3.395552988801315578E-15 ) ) ;
#2349 = EDGE_LOOP ( 'NONE', ( #1273, #2113, #1522, #1929, #2161 ) ) ;
#2350 = DIRECTION ( 'NONE',  ( -1.000000000000000000, 0.000000000000000000, -3.469446951953622866E-15 ) ) ;
#2351 = DIRECTION ( 'NONE',  ( -0.7071067811865515695, 0.000000000000000000, 0.7071067811865435759 ) ) ;
#2352 = CARTESIAN_POINT ( 'NONE',  ( -0.7322777255331893720, 0.4500000000000000666, -0.7156693573399769415 ) ) ;
#2353 = LINE ( 'NONE', #2525, #1697 ) ;
#2354 = LINE ( 'NONE', #1031, #378 ) ;
#2355 = ORIENTED_EDGE ( 'NONE', *, *, #1067, .F. ) ;
#2356 = ADVANCED_FACE ( 'NONE', ( #1009 ), #2060, .F. ) ;
#2357 = LINE ( 'NONE', #1045, #1489 ) ;
#2358 = VERTEX_POINT ( 'NONE', #578 ) ;
#2359 =( GEOMETRIC_REPRESENTATION_CONTEXT ( 3 ) GLOBAL_UNCERTAINTY_ASSIGNED_CONTEXT ( ( #2652 ) ) GLOBAL_UNIT_ASSIGNED_CONTEXT ( ( #1670, #2724, #412 ) ) REPRESENTATION_CONTEXT ( 'NONE', 'WORKASPACE' ) );
#2360 = EDGE_CURVE ( 'NONE', #46, #2196, #2656, .T. ) ;
#2361 = CARTESIAN_POINT ( 'NONE',  ( -1.000000000000002665, 0.09999999999999999167, 0.7749999999999970246 ) ) ;
#2362 = COLOUR_RGB ( '',0.7960784313725489669, 0.8235294117647058432, 0.9372549019607843146 ) ;
#2363 = LINE ( 'NONE', #2152, #1466 ) ;
#2364 = ORIENTED_EDGE ( 'NONE', *, *, #2216, .T. ) ;
#2365 = AXIS2_PLACEMENT_3D ( 'NONE', #1299, #49, #2154 ) ;
#2366 = DIRECTION ( 'NONE',  ( 1.000000000000000000, 0.000000000000000000, 3.491481338843133355E-15 ) ) ;
#2367 = DIRECTION ( 'NONE',  ( 1.000000000000000000, 0.000000000000000000, 3.491481338843133355E-15 ) ) ;
#2368 = AXIS2_PLACEMENT_3D ( 'NONE', #30, #622, #2140 ) ;
#2369 = LINE ( 'NONE', #465, #967 ) ;
#2370 = CARTESIAN_POINT ( 'NONE',  ( 0.7249999999999976463, 0.5716990566028298248, 0.6500000000000029088 ) ) ;
#2371 = VECTOR ( 'NONE', #281, 1000.000000000000000 ) ;
#2372 = DIRECTION ( 'NONE',  ( -0.000000000000000000, -1.000000000000000000, 0.000000000000000000 ) ) ;
#2373 = VERTEX_POINT ( 'NONE', #127 ) ;
#2374 = CARTESIAN_POINT ( 'NONE',  ( 0.3249999999999978462, 0.1000000000000000472, 0.6000000000000013101 ) ) ;
#2375 = EDGE_LOOP ( 'NONE', ( #621, #1653, #697, #1326 ) ) ;
#2376 = CARTESIAN_POINT ( 'NONE',  ( -0.8599979732879734495, 0.5500000000000000444, -0.7156693573399773856 ) ) ;
#2377 = ORIENTED_EDGE ( 'NONE', *, *, #610, .T. ) ;
#2378 = DIRECTION ( 'NONE',  ( 0.000000000000000000, 1.000000000000000000, 0.000000000000000000 ) ) ;
#2379 = VERTEX_POINT ( 'NONE', #1649 ) ;
#2380 = LINE ( 'NONE', #462, #1342 ) ;
#2381 = ADVANCED_FACE ( 'NONE', ( #1841 ), #1609, .T. ) ;
#2382 = CARTESIAN_POINT ( 'NONE',  ( -0.9999999999999978906, 0.05000000000000000278, -0.7750000000000026867 ) ) ;
#2383 = ORIENTED_EDGE ( 'NONE', *, *, #625, .F. ) ;
#2384 = DIRECTION ( 'NONE',  ( 0.000000000000000000, -1.000000000000000000, 0.000000000000000000 ) ) ;
#2385 = CARTESIAN_POINT ( 'NONE',  ( -0.6045574777784051834, 0.4500000000000000666, -0.7156693573399766084 ) ) ;
#2386 = DIRECTION ( 'NONE',  ( 3.274640904346032468E-15, 0.000000000000000000, -1.000000000000000000 ) ) ;
#2387 =( NAMED_UNIT ( * ) PLANE_ANGLE_UNIT ( ) SI_UNIT ( $, .RADIAN. ) );
#2388 = EDGE_LOOP ( 'NONE', ( #1528, #528, #2696, #1222 ) ) ;
#2389 = AXIS2_PLACEMENT_3D ( 'NONE', #1082, #1719, #1499 ) ;
#2390 = ORIENTED_EDGE ( 'NONE', *, *, #1833, .F. ) ;
#2391 = AXIS2_PLACEMENT_3D ( 'NONE', #1638, #2063, #1624 ) ;
#2392 = FACE_OUTER_BOUND ( 'NONE', #1931, .T. ) ;
#2393 = DIRECTION ( 'NONE',  ( 0.000000000000000000, -1.000000000000000000, 0.000000000000000000 ) ) ;
#2394 = VERTEX_POINT ( 'NONE', #1193 ) ;
#2395 = VERTEX_POINT ( 'NONE', #1592 ) ;
#2396 = FACE_OUTER_BOUND ( 'NONE', #1693, .T. ) ;
#2397 = EDGE_CURVE ( 'NONE', #1647, #2149, #2071, .T. ) ;
#2398 = CYLINDRICAL_SURFACE ( 'NONE', #2624, 0.1249999999999996808 ) ;
#2399 = DIRECTION ( 'NONE',  ( -0.000000000000000000, -1.000000000000000000, 0.000000000000000000 ) ) ;
#2400 = EDGE_CURVE ( 'NONE', #224, #639, #365, .T. ) ;
#2401 = ORIENTED_EDGE ( 'NONE', *, *, #2019, .F. ) ;
#2402 = DIRECTION ( 'NONE',  ( -0.000000000000000000, -1.000000000000000000, -0.000000000000000000 ) ) ;
#2403 = EDGE_LOOP ( 'NONE', ( #1071, #897, #461, #2771 ) ) ;
#2404 = ORIENTED_EDGE ( 'NONE', *, *, #2455, .T. ) ;
#2405 = VECTOR ( 'NONE', #1113, 1000.000000000000000 ) ;
#2406 = LINE ( 'NONE', #2028, #1296 ) ;
#2407 = ORIENTED_EDGE ( 'NONE', *, *, #2328, .F. ) ;
#2408 = FILL_AREA_STYLE ('',( #241 ) ) ;
#2409 = AXIS2_PLACEMENT_3D ( 'NONE', #1477, #1246, #1872 ) ;
#2410 = EDGE_LOOP ( 'NONE', ( #275, #1059, #266, #361 ) ) ;
#2411 = CIRCLE ( 'NONE', #2540, 0.1249999999999996808 ) ;
#2412 = CARTESIAN_POINT ( 'NONE',  ( -0.7249999999999995337, 0.1000000000000000056, -0.1250000000000017764 ) ) ;
#2413 =( GEOMETRIC_REPRESENTATION_CONTEXT ( 3 ) GLOBAL_UNCERTAINTY_ASSIGNED_CONTEXT ( ( #1156 ) ) GLOBAL_UNIT_ASSIGNED_CONTEXT ( ( #1354, #2593, #661 ) ) REPRESENTATION_CONTEXT ( 'NONE', 'WORKASPACE' ) );
#2414 = APPLICATION_CONTEXT ( 'automotive_design' ) ;
#2415 = LINE ( 'NONE', #1139, #2496 ) ;
#2416 = CARTESIAN_POINT ( 'NONE',  ( -1.000000000000003553, 0.05000000000000000278, 0.9999999999999965583 ) ) ;
#2417 = CYLINDRICAL_SURFACE ( 'NONE', #235, 0.1249999999999996808 ) ;
#2418 = VECTOR ( 'NONE', #2209, 1000.000000000000000 ) ;
#2419 = ORIENTED_EDGE ( 'NONE', *, *, #1016, .T. ) ;
#2420 = VECTOR ( 'NONE', #1789, 1000.000000000000000 ) ;
#2421 = EDGE_CURVE ( 'NONE', #1129, #115, #2047, .T. ) ;
#2422 = FACE_OUTER_BOUND ( 'NONE', #776, .T. ) ;
#2423 = EDGE_CURVE ( 'NONE', #1604, #1230, #298, .T. ) ;
#2424 = ORIENTED_EDGE ( 'NONE', *, *, #2455, .F. ) ;
#2425 = ORIENTED_EDGE ( 'NONE', *, *, #843, .T. ) ;
#2426 = PLANE ( 'NONE',  #168 ) ;
#2427 =( NAMED_UNIT ( * ) PLANE_ANGLE_UNIT ( ) SI_UNIT ( $, .RADIAN. ) );
#2428 = EDGE_LOOP ( 'NONE', ( #2623, #1400, #2705, #459, #1381 ) ) ;
#2429 = SURFACE_STYLE_FILL_AREA ( #542 ) ;
#2430 = DIRECTION ( 'NONE',  ( -3.491481338843133355E-15, 0.000000000000000000, 1.000000000000000000 ) ) ;
#2431 = EDGE_CURVE ( 'NONE', #1432, #2579, #534, .T. ) ;
#2432 = CARTESIAN_POINT ( 'NONE',  ( 0.9999999999999974465, 0.000000000000000000, 0.7750000000000040190 ) ) ;
#2433 = FILL_AREA_STYLE_COLOUR ( '', #2362 ) ;
#2434 = EDGE_LOOP ( 'NONE', ( #2640, #1415, #2567, #2086 ) ) ;
#2435 = EDGE_CURVE ( 'NONE', #2738, #2686, #84, .T. ) ;
#2436 = LINE ( 'NONE', #945, #1190 ) ;
#2437 = ORIENTED_EDGE ( 'NONE', *, *, #1917, .F. ) ;
#2438 = LINE ( 'NONE', #2529, #671 ) ;
#2439 = CARTESIAN_POINT ( 'NONE',  ( -0.7250000000000021982, 0.000000000000000000, 0.6499999999999983569 ) ) ;
#2440 = ADVANCED_FACE ( 'NONE', ( #2542 ), #2530, .T. ) ;
#2441 = SURFACE_SIDE_STYLE ('',( #1965 ) ) ;
#2442 = ORIENTED_EDGE ( 'NONE', *, *, #814, .F. ) ;
#2443 = AXIS2_PLACEMENT_3D ( 'NONE', #496, #2037, #1642 ) ;
#2444 = LINE ( 'NONE', #336, #2283 ) ;
#2445 = VECTOR ( 'NONE', #740, 1000.000000000000000 ) ;
#2446 = FACE_OUTER_BOUND ( 'NONE', #2644, .T. ) ;
#2447 = CARTESIAN_POINT ( 'NONE',  ( 1.000000000000001776, 0.1000000000000000056, -0.5249999999999959144 ) ) ;
#2448 = DIRECTION ( 'NONE',  ( 0.7071067811865514585, -0.000000000000000000, -0.7071067811865435759 ) ) ;
#2449 = EDGE_LOOP ( 'NONE', ( #506, #711, #654, #1398 ) ) ;
#2450 = CARTESIAN_POINT ( 'NONE',  ( 0.7250000000000026423, 0.000000000000000000, -0.7749999999999966915 ) ) ;
#2451 = ORIENTED_EDGE ( 'NONE', *, *, #1674, .F. ) ;
#2452 = CARTESIAN_POINT ( 'NONE',  ( -0.8599979732879734495, 0.4500000000000000666, -0.7156693573399773856 ) ) ;
#2453 = CARTESIAN_POINT ( 'NONE',  ( -0.7249999999999999778, 0.000000000000000000, -1.663962232672867938E-15 ) ) ;
#2454 = ORIENTED_EDGE ( 'NONE', *, *, #1810, .T. ) ;
#2455 = EDGE_CURVE ( 'NONE', #1038, #693, #608, .T. ) ;
#2456 = DIRECTION ( 'NONE',  ( 0.000000000000000000, 1.000000000000000000, 0.000000000000000000 ) ) ;
#2457 = ORIENTED_EDGE ( 'NONE', *, *, #287, .F. ) ;
#2458 = AXIS2_PLACEMENT_3D ( 'NONE', #1870, #838, #1921 ) ;
#2459 = FACE_OUTER_BOUND ( 'NONE', #366, .T. ) ;
#2460 = DIRECTION ( 'NONE',  ( -3.491481338843133355E-15, 0.000000000000000000, 1.000000000000000000 ) ) ;
#2461 = CARTESIAN_POINT ( 'NONE',  ( -0.9999999999999974465, 0.1000000000000000056, -0.7750000000000026867 ) ) ;
#2462 = VECTOR ( 'NONE', #1838, 1000.000000000000000 ) ;
#2463 = ORIENTED_EDGE ( 'NONE', *, *, #2025, .T. ) ;
#2464 = CIRCLE ( 'NONE', #1904, 0.1249999999999996808 ) ;
#2465 = ORIENTED_EDGE ( 'NONE', *, *, #1513, .T. ) ;
#2466 = EDGE_LOOP ( 'NONE', ( #295, #1112, #23, #48 ) ) ;
#2467 = VECTOR ( 'NONE', #1625, 1000.000000000000000 ) ;
#2468 = CIRCLE ( 'NONE', #906, 0.1249999999999996808 ) ;
#2469 = DIRECTION ( 'NONE',  ( -1.000000000000000000, 0.000000000000000000, -2.624119600854729019E-15 ) ) ;
#2470 = ORIENTED_EDGE ( 'NONE', *, *, #610, .F. ) ;
#2471 = CARTESIAN_POINT ( 'NONE',  ( 0.3250000000000026201, 0.04999999999999991257, -0.7249999999999986455 ) ) ;
#2472 = LINE ( 'NONE', #1011, #2120 ) ;
#2473 = DIRECTION ( 'NONE',  ( -1.000000000000000000, 0.000000000000000000, -3.395552988801315578E-15 ) ) ;
#2474 = LINE ( 'NONE', #1183, #2079 ) ;
#2475 = DIRECTION ( 'NONE',  ( -0.000000000000000000, -1.000000000000000000, 0.000000000000000000 ) ) ;
#2476 = CARTESIAN_POINT ( 'NONE',  ( 1.000000000000000444, 0.5716990566028298248, -0.1249999999999957534 ) ) ;
#2477 = ORIENTED_EDGE ( 'NONE', *, *, #440, .F. ) ;
#2478 = EDGE_CURVE ( 'NONE', #289, #816, #1450, .T. ) ;
#2479 = DIRECTION ( 'NONE',  ( 0.000000000000000000, 1.000000000000000000, 0.000000000000000000 ) ) ;
#2480 = ORIENTED_EDGE ( 'NONE', *, *, #180, .T. ) ;
#2481 = DIRECTION ( 'NONE',  ( 3.491481338843133355E-15, 0.000000000000000000, -1.000000000000000000 ) ) ;
#2482 = VECTOR ( 'NONE', #544, 1000.000000000000000 ) ;
#2483 = DIRECTION ( 'NONE',  ( -1.000000000000000000, 0.000000000000000000, -5.068502680640230570E-15 ) ) ;
#2484 = ADVANCED_FACE ( 'NONE', ( #2092 ), #1058, .T. ) ;
#2485 = DIRECTION ( 'NONE',  ( 1.914459997046036535E-15, 0.000000000000000000, -1.000000000000000000 ) ) ;
#2486 = VECTOR ( 'NONE', #118, 1000.000000000000000 ) ;
#2487 = DIRECTION ( 'NONE',  ( 1.000000000000000000, 0.000000000000000000, 3.469446951953622866E-15 ) ) ;
#2488 = ADVANCED_FACE ( 'NONE', ( #1692 ), #2320, .T. ) ;
#2489 = DIRECTION ( 'NONE',  ( -1.000000000000000000, 0.000000000000000000, -3.491481338843133355E-15 ) ) ;
#2490 = EDGE_LOOP ( 'NONE', ( #1179, #1673, #377, #1234 ) ) ;
#2491 = LINE ( 'NONE', #1770, #358 ) ;
#2492 = DIRECTION ( 'NONE',  ( 1.000000000000000000, 0.000000000000000000, 3.491481338843133355E-15 ) ) ;
#2493 = ORIENTED_EDGE ( 'NONE', *, *, #1375, .T. ) ;
#2494 = CARTESIAN_POINT ( 'NONE',  ( -0.1249999999999966138, 1.689024858207070379, -0.7250000000000000888 ) ) ;
#2495 = DIRECTION ( 'NONE',  ( 0.000000000000000000, 1.000000000000000000, 0.000000000000000000 ) ) ;
#2496 = VECTOR ( 'NONE', #1986, 1000.000000000000000 ) ;
#2497 = CARTESIAN_POINT ( 'NONE',  ( 0.9999999999999965583, 0.05000000000000000278, 1.000000000000003553 ) ) ;
#2498 = PLANE ( 'NONE',  #2322 ) ;
#2499 = MECHANICAL_DESIGN_GEOMETRIC_PRESENTATION_REPRESENTATION (  '', ( #1111 ), #300 ) ;
#2500 = VECTOR ( 'NONE', #2769, 1000.000000000000000 ) ;
#2501 = CARTESIAN_POINT ( 'NONE',  ( 1.000000000000001776, 0.1000000000000000056, -0.5249999999999959144 ) ) ;
#2502 = VERTEX_POINT ( 'NONE', #175 ) ;
#2503 = VECTOR ( 'NONE', #1746, 1000.000000000000000 ) ;
#2504 = EDGE_CURVE ( 'NONE', #206, #2040, #1233, .T. ) ;
#2505 = LINE ( 'NONE', #2240, #705 ) ;
#2506 = ORIENTED_EDGE ( 'NONE', *, *, #1909, .T. ) ;
#2507 = CIRCLE ( 'NONE', #212, 0.1249999999999996808 ) ;
#2508 = VECTOR ( 'NONE', #1978, 1000.000000000000000 ) ;
#2509 = CARTESIAN_POINT ( 'NONE',  ( 0.9999999999999995559, 0.09999999999999999167, 0.1250000000000040523 ) ) ;
#2510 = EDGE_CURVE ( 'NONE', #1842, #2007, #1879, .T. ) ;
#2511 = ORIENTED_EDGE ( 'NONE', *, *, #1344, .F. ) ;
#2512 = LINE ( 'NONE', #1270, #204 ) ;
#2513 = DIRECTION ( 'NONE',  ( -3.491481338843133355E-15, 0.000000000000000000, 1.000000000000000000 ) ) ;
#2514 = EDGE_CURVE ( 'NONE', #1658, #2084, #863, .T. ) ;
#2515 = LINE ( 'NONE', #3, #1411 ) ;
#2516 = CARTESIAN_POINT ( 'NONE',  ( 4.364351673553890070E-16, 0.05000000000000000278, -0.1249999999999992506 ) ) ;
#2517 = ADVANCED_FACE ( 'NONE', ( #1822 ), #585, .T. ) ;
#2518 = CARTESIAN_POINT ( 'NONE',  ( 0.7250000000000017542, 0.09999999999999999167, -0.5249999999999973577 ) ) ;
#2519 = CARTESIAN_POINT ( 'NONE',  ( 0.9999999999999965583, 0.05000000000000000278, 1.000000000000003553 ) ) ;
#2520 = EDGE_LOOP ( 'NONE', ( #728, #2253, #1671, #859 ) ) ;
#2521 = ADVANCED_FACE ( 'NONE', ( #1410 ), #2702, .F. ) ;
#2522 = VERTEX_POINT ( 'NONE', #1434 ) ;
#2523 = PLANE ( 'NONE',  #485 ) ;
#2524 = VECTOR ( 'NONE', #105, 1000.000000000000000 ) ;
#2525 = CARTESIAN_POINT ( 'NONE',  ( 0.3249999999999974576, 1.689024858207070379, 0.7250000000000011990 ) ) ;
#2526 = AXIS2_PLACEMENT_3D ( 'NONE', #2574, #263, #1127 ) ;
#2527 = PLANE ( 'NONE',  #2303 ) ;
#2528 = DIRECTION ( 'NONE',  ( -1.000000000000000000, 0.000000000000000000, -1.914459997046036140E-15 ) ) ;
#2529 = CARTESIAN_POINT ( 'NONE',  ( 0.9999999999999974465, 0.1000000000000000056, 0.7750000000000040190 ) ) ;
#2530 = PLANE ( 'NONE',  #1028 ) ;
#2531 = VERTEX_POINT ( 'NONE', #2288 ) ;
#2532 = CYLINDRICAL_SURFACE ( 'NONE', #1730, 0.1277202477547841331 ) ;
#2533 = VERTEX_POINT ( 'NONE', #1793 ) ;
#2534 = EDGE_CURVE ( 'NONE', #1274, #264, #1601, .T. ) ;
#2535 = CARTESIAN_POINT ( 'NONE',  ( 0.9999999999999995559, 0.1000000000000000056, 0.1250000000000040523 ) ) ;
#2536 = EDGE_CURVE ( 'NONE', #861, #195, #122, .T. ) ;
#2537 = LINE ( 'NONE', #2103, #1069 ) ;
#2538 = CARTESIAN_POINT ( 'NONE',  ( 1.000000000000003109, 0.5500000000000001554, -0.9999999999999961142 ) ) ;
#2539 = CYLINDRICAL_SURFACE ( 'NONE', #569, 0.1249999999999996808 ) ;
#2540 = AXIS2_PLACEMENT_3D ( 'NONE', #2453, #2030, #1418 ) ;
#2541 = LINE ( 'NONE', #1294, #873 ) ;
#2542 = FACE_OUTER_BOUND ( 'NONE', #1086, .T. ) ;
#2543 = ORIENTED_EDGE ( 'NONE', *, *, #2397, .T. ) ;
#2544 = AXIS2_PLACEMENT_3D ( 'NONE', #1184, #2272, #737 ) ;
#2545 = VERTEX_POINT ( 'NONE', #2691 ) ;
#2546 = FACE_OUTER_BOUND ( 'NONE', #1812, .T. ) ;
#2547 = CIRCLE ( 'NONE', #362, 0.1249999999999996808 ) ;
#2548 = DIRECTION ( 'NONE',  ( 0.000000000000000000, -1.000000000000000000, 0.000000000000000000 ) ) ;
#2549 = CARTESIAN_POINT ( 'NONE',  ( 1.000000000000000444, 0.1000000000000000056, -0.1249999999999957534 ) ) ;
#2550 = PLANE ( 'NONE',  #785 ) ;
#2551 = EDGE_LOOP ( 'NONE', ( #1765, #2177, #1871, #2068 ) ) ;
#2552 = ADVANCED_FACE ( 'NONE', ( #106 ), #781, .F. ) ;
#2553 = DIRECTION ( 'NONE',  ( -0.7071067811865515695, 0.000000000000000000, 0.7071067811865435759 ) ) ;
#2554 = DIRECTION ( 'NONE',  ( -1.000000000000000000, 0.000000000000000000, -2.624119600854729019E-15 ) ) ;
#2555 = ORIENTED_EDGE ( 'NONE', *, *, #1773, .T. ) ;
#2556 = DIRECTION ( 'NONE',  ( -0.000000000000000000, -1.000000000000000000, 0.000000000000000000 ) ) ;
#2557 = CARTESIAN_POINT ( 'NONE',  ( -0.7249999999999980904, 0.000000000000000000, -0.5250000000000019096 ) ) ;
#2558 = ORIENTED_EDGE ( 'NONE', *, *, #721, .T. ) ;
#2559 = CARTESIAN_POINT ( 'NONE',  ( 0.7250000000000017542, 0.5716990566028298248, -0.5249999999999973577 ) ) ;
#2560 = EDGE_CURVE ( 'NONE', #1329, #1117, #2039, .T. ) ;
#2561 = LINE ( 'NONE', #1257, #2235 ) ;
#2562 = VERTEX_POINT ( 'NONE', #560 ) ;
#2563 = AXIS2_PLACEMENT_3D ( 'NONE', #2119, #607, #188 ) ;
#2564 = ADVANCED_FACE ( 'NONE', ( #2261 ), #2498, .T. ) ;
#2565 = CARTESIAN_POINT ( 'NONE',  ( 0.9999999999999974465, 0.1000000000000000056, 0.7750000000000040190 ) ) ;
#2566 = VECTOR ( 'NONE', #810, 1000.000000000000000 ) ;
#2567 = ORIENTED_EDGE ( 'NONE', *, *, #2185, .T. ) ;
#2568 = DIRECTION ( 'NONE',  ( -3.491481338843133355E-15, 0.000000000000000000, 1.000000000000000000 ) ) ;
#2569 = DIRECTION ( 'NONE',  ( -1.000000000000000000, 0.000000000000000000, -3.491481338843133355E-15 ) ) ;
#2570 = VERTEX_POINT ( 'NONE', #769 ) ;
#2571 = CARTESIAN_POINT ( 'NONE',  ( -0.3249999999999980127, 1.689024858207070379, -0.5250000000000007994 ) ) ;
#2572 = FILL_AREA_STYLE_COLOUR ( '', #2226 ) ;
#2573 = CARTESIAN_POINT ( 'NONE',  ( 0.9999999999999965583, 3.928427124746190824, 1.000000000000003553 ) ) ;
#2574 = CARTESIAN_POINT ( 'NONE',  ( -0.7249999999999999778, 0.05000000000000000278, -1.663962232672867938E-15 ) ) ;
#2575 = PRESENTATION_STYLE_ASSIGNMENT (( #1989 ) ) ;
#2576 = ORIENTED_EDGE ( 'NONE', *, *, #2107, .T. ) ;
#2577 = CARTESIAN_POINT ( 'NONE',  ( -0.7250000000000021982, 0.05000000000000000278, 0.6499999999999983569 ) ) ;
#2578 = CARTESIAN_POINT ( 'NONE',  ( -0.7250000000000026423, 0.5716990566028298248, 0.7749999999999975797 ) ) ;
#2579 = VERTEX_POINT ( 'NONE', #357 ) ;
#2580 = ORIENTED_EDGE ( 'NONE', *, *, #729, .F. ) ;
#2581 = EDGE_CURVE ( 'NONE', #1301, #797, #71, .T. ) ;
#2582 = CIRCLE ( 'NONE', #1383, 0.1249999999999996808 ) ;
#2583 = ADVANCED_FACE ( 'NONE', ( #2078 ), #1215, .T. ) ;
#2584 = CARTESIAN_POINT ( 'NONE',  ( -1.000000000000001776, 0.1000000000000000056, 0.5249999999999972466 ) ) ;
#2585 = VECTOR ( 'NONE', #2121, 1000.000000000000000 ) ;
#2586 = ORIENTED_EDGE ( 'NONE', *, *, #735, .F. ) ;
#2587 = DIRECTION ( 'NONE',  ( -1.000000000000000000, 0.000000000000000000, -3.491481338843133355E-15 ) ) ;
#2588 = VERTEX_POINT ( 'NONE', #2461 ) ;
#2589 = VECTOR ( 'NONE', #1963, 1000.000000000000000 ) ;
#2590 = CARTESIAN_POINT ( 'NONE',  ( -1.000000000000002665, 0.09999999999999999167, 0.7749999999999970246 ) ) ;
#2591 = CARTESIAN_POINT ( 'NONE',  ( 0.7249999999999995337, 0.1000000000000000056, 0.1250000000000026368 ) ) ;
#2592 = COLOUR_RGB ( '',1.000000000000000000, 1.000000000000000000, 1.000000000000000000 ) ;
#2593 =( NAMED_UNIT ( * ) PLANE_ANGLE_UNIT ( ) SI_UNIT ( $, .RADIAN. ) );
#2594 = ORIENTED_EDGE ( 'NONE', *, *, #1345, .F. ) ;
#2595 = CARTESIAN_POINT ( 'NONE',  ( -0.9999999999999983347, 0.1000000000000000056, -0.5250000000000029088 ) ) ;
#2596 = ORIENTED_EDGE ( 'NONE', *, *, #2124, .T. ) ;
#2597 = ORIENTED_EDGE ( 'NONE', *, *, #1999, .T. ) ;
#2598 = LINE ( 'NONE', #1918, #1293 ) ;
#2599 = ORIENTED_EDGE ( 'NONE', *, *, #2421, .T. ) ;
#2600 = FACE_OUTER_BOUND ( 'NONE', #959, .T. ) ;
#2601 = ORIENTED_EDGE ( 'NONE', *, *, #1594, .F. ) ;
#2602 = CARTESIAN_POINT ( 'NONE',  ( -0.6045574777784051834, 0.5500000000000000444, -0.7156693573399766084 ) ) ;
#2603 = EDGE_CURVE ( 'NONE', #1012, #639, #545, .T. ) ;
#2604 = PRODUCT_DEFINITION_SHAPE ( 'NONE', 'NONE',  #2157 ) ;
#2605 = DIRECTION ( 'NONE',  ( 0.000000000000000000, -1.000000000000000000, -0.000000000000000000 ) ) ;
#2606 = DIRECTION ( 'NONE',  ( 1.000000000000000000, 0.000000000000000000, 3.491481338843133355E-15 ) ) ;
#2607 = CARTESIAN_POINT ( 'NONE',  ( -0.7249999999999976463, 0.09999999999999999167, -0.6500000000000015765 ) ) ;
#2608 =( LENGTH_UNIT ( ) NAMED_UNIT ( * ) SI_UNIT ( .MILLI., .METRE. ) );
#2609 = ORIENTED_EDGE ( 'NONE', *, *, #1408, .T. ) ;
#2610 = DIRECTION ( 'NONE',  ( -3.491481338843133355E-15, 0.000000000000000000, 1.000000000000000000 ) ) ;
#2611 = DIRECTION ( 'NONE',  ( -3.491481338843133355E-15, 0.000000000000000000, 1.000000000000000000 ) ) ;
#2612 = AXIS2_PLACEMENT_3D ( 'NONE', #1888, #1057, #895 ) ;
#2613 = VERTEX_POINT ( 'NONE', #2647 ) ;
#2614 = VECTOR ( 'NONE', #790, 1000.000000000000000 ) ;
#2615 = LINE ( 'NONE', #743, #1471 ) ;
#2616 = ORIENTED_EDGE ( 'NONE', *, *, #1060, .F. ) ;
#2617 = CARTESIAN_POINT ( 'NONE',  ( -0.9999999999999995559, 0.000000000000000000, -0.1250000000000027478 ) ) ;
#2618 = ORIENTED_EDGE ( 'NONE', *, *, #2689, .T. ) ;
#2619 = EDGE_CURVE ( 'NONE', #723, #2358, #150, .T. ) ;
#2620 = LINE ( 'NONE', #1714, #443 ) ;
#2621 = LINE ( 'NONE', #466, #231 ) ;
#2622 = ORIENTED_EDGE ( 'NONE', *, *, #1195, .F. ) ;
#2623 = ORIENTED_EDGE ( 'NONE', *, *, #187, .F. ) ;
#2624 = AXIS2_PLACEMENT_3D ( 'NONE', #481, #19, #1733 ) ;
#2625 = VERTEX_POINT ( 'NONE', #2231 ) ;
#2626 = PRESENTATION_STYLE_ASSIGNMENT (( #696 ) ) ;
#2627 = ORIENTED_EDGE ( 'NONE', *, *, #746, .F. ) ;
#2628 = VECTOR ( 'NONE', #1622, 1000.000000000000000 ) ;
#2629 = VECTOR ( 'NONE', #2610, 1000.000000000000000 ) ;
#2630 = ADVANCED_FACE ( 'NONE', ( #2066, #1380 ), #310, .F. ) ;
#2631 = CARTESIAN_POINT ( 'NONE',  ( -0.7250000000000021982, 0.09999999999999999167, 0.6499999999999983569 ) ) ;
#2632 = CARTESIAN_POINT ( 'NONE',  ( 1.000000000000000444, 0.09999999999999999167, -0.1249999999999957950 ) ) ;
#2633 = EDGE_LOOP ( 'NONE', ( #268, #1155, #1552, #515 ) ) ;
#2634 = CARTESIAN_POINT ( 'NONE',  ( -3.928089577496172421E-15, 0.05000000000000000278, 0.7749999999999989120 ) ) ;
#2635 = VECTOR ( 'NONE', #1138, 1000.000000000000000 ) ;
#2636 = DIRECTION ( 'NONE',  ( -0.000000000000000000, -1.000000000000000000, 0.000000000000000000 ) ) ;
#2637 = ORIENTED_EDGE ( 'NONE', *, *, #1595, .T. ) ;
#2638 = SURFACE_STYLE_FILL_AREA ( #1130 ) ;
#2639 = DIRECTION ( 'NONE',  ( -0.000000000000000000, -1.000000000000000000, 0.000000000000000000 ) ) ;
#2640 = ORIENTED_EDGE ( 'NONE', *, *, #2221, .T. ) ;
#2641 = ORIENTED_EDGE ( 'NONE', *, *, #1704, .T. ) ;
#2642 = LINE ( 'NONE', #2706, #1958 ) ;
#2643 = DIRECTION ( 'NONE',  ( -1.000000000000000000, 0.000000000000000000, -3.491481338843133355E-15 ) ) ;
#2644 = EDGE_LOOP ( 'NONE', ( #1083, #14, #1551, #980 ) ) ;
#2645 = PRESENTATION_STYLE_ASSIGNMENT (( #1376 ) ) ;
#2646 = CARTESIAN_POINT ( 'NONE',  ( 0.2000000000000027311, 1.689024858207070379, -0.7249999999999989786 ) ) ;
#2647 = CARTESIAN_POINT ( 'NONE',  ( -1.000000000000001776, 0.000000000000000000, 0.5249999999999972466 ) ) ;
#2648 = ORIENTED_EDGE ( 'NONE', *, *, #1201, .T. ) ;
#2649 = LINE ( 'NONE', #2476, #2445 ) ;
#2650 = ADVANCED_FACE ( 'NONE', ( #971 ), #2663, .F. ) ;
#2651 = ORIENTED_EDGE ( 'NONE', *, *, #1906, .T. ) ;
#2652 = UNCERTAINTY_MEASURE_WITH_UNIT (LENGTH_MEASURE( 1.000000000000000082E-05 ), #1670, 'distance_accuracy_value', 'NONE');
#2653 = CARTESIAN_POINT ( 'NONE',  ( 0.7249999999999995337, 0.000000000000000000, 0.1250000000000026368 ) ) ;
#2654 = AXIS2_PLACEMENT_3D ( 'NONE', #2370, #52, #890 ) ;
#2655 = CARTESIAN_POINT ( 'NONE',  ( 0.7249999999999976463, 0.000000000000000000, 0.6500000000000029088 ) ) ;
#2656 = LINE ( 'NONE', #1209, #2055 ) ;
#2657 = ORIENTED_EDGE ( 'NONE', *, *, #721, .F. ) ;
#2658 = PLANE ( 'NONE',  #1654 ) ;
#2659 = CARTESIAN_POINT ( 'NONE',  ( 0.7249999999999980904, 0.1000000000000000056, 0.5250000000000032419 ) ) ;
#2660 = UNCERTAINTY_MEASURE_WITH_UNIT (LENGTH_MEASURE( 1.000000000000000082E-05 ), #2608, 'distance_accuracy_value', 'NONE');
#2661 = DIRECTION ( 'NONE',  ( 1.000000000000000000, 0.000000000000000000, 3.491481338843133355E-15 ) ) ;
#2662 = CARTESIAN_POINT ( 'NONE',  ( 0.7250000000000021982, 0.09999999999999999167, -0.6499999999999970246 ) ) ;
#2663 = PLANE ( 'NONE',  #2232 ) ;
#2664 = EDGE_LOOP ( 'NONE', ( #153, #42, #1518, #2335 ) ) ;
#2665 = CARTESIAN_POINT ( 'NONE',  ( 0.7249999999999995337, 0.1000000000000000056, 0.1250000000000026368 ) ) ;
#2666 = DIRECTION ( 'NONE',  ( 0.000000000000000000, -1.000000000000000000, 0.000000000000000000 ) ) ;
#2667 = ORIENTED_EDGE ( 'NONE', *, *, #1375, .F. ) ;
#2668 = EDGE_CURVE ( 'NONE', #2686, #865, #1265, .T. ) ;
#2669 = DIRECTION ( 'NONE',  ( 0.000000000000000000, -1.000000000000000000, 0.000000000000000000 ) ) ;
#2670 = VERTEX_POINT ( 'NONE', #1531 ) ;
#2671 = VECTOR ( 'NONE', #908, 1000.000000000000000 ) ;
#2672 = DIRECTION ( 'NONE',  ( 0.000000000000000000, 1.000000000000000000, 0.000000000000000000 ) ) ;
#2673 =( GEOMETRIC_REPRESENTATION_CONTEXT ( 3 ) GLOBAL_UNCERTAINTY_ASSIGNED_CONTEXT ( ( #296 ) ) GLOBAL_UNIT_ASSIGNED_CONTEXT ( ( #338, #1197, #750 ) ) REPRESENTATION_CONTEXT ( 'NONE', 'WORKASPACE' ) );
#2674 = CARTESIAN_POINT ( 'NONE',  ( -0.7249999999999995337, 0.09999999999999999167, -0.1250000000000017764 ) ) ;
#2675 = MECHANICAL_DESIGN_GEOMETRIC_PRESENTATION_REPRESENTATION (  '', ( #580 ), #2359 ) ;
#2676 = PLANE ( 'NONE',  #38 ) ;
#2677 = CARTESIAN_POINT ( 'NONE',  ( 0.7250000000000021982, 0.1000000000000000056, -0.6499999999999970246 ) ) ;
#2678 = DIRECTION ( 'NONE',  ( 1.000000000000000000, 0.000000000000000000, 3.491481338843133355E-15 ) ) ;
#2679 = AXIS2_PLACEMENT_3D ( 'NONE', #1808, #1643, #1585 ) ;
#2680 = EDGE_CURVE ( 'NONE', #1425, #723, #668, .T. ) ;
#2681 = LINE ( 'NONE', #1163, #417 ) ;
#2682 = EDGE_LOOP ( 'NONE', ( #2586, #2721, #950, #1369 ) ) ;
#2683 = CARTESIAN_POINT ( 'NONE',  ( -0.3250000000000025091, 0.000000000000000000, 0.7249999999999990896 ) ) ;
#2684 = MECHANICAL_DESIGN_GEOMETRIC_PRESENTATION_REPRESENTATION (  '', ( #1739 ), #313 ) ;
#2685 = LINE ( 'NONE', #759, #990 ) ;
#2686 = VERTEX_POINT ( 'NONE', #2126 ) ;
#2687 = EDGE_CURVE ( 'NONE', #692, #2740, #193, .T. ) ;
#2688 = CARTESIAN_POINT ( 'NONE',  ( -0.1249999999999966138, 0.04999999999999991257, -0.7250000000000000888 ) ) ;
#2689 = EDGE_CURVE ( 'NONE', #1101, #1068, #2363, .T. ) ;
#2690 = DIRECTION ( 'NONE',  ( 1.000000000000000000, -0.000000000000000000, 1.914459997046036140E-15 ) ) ;
#2691 = CARTESIAN_POINT ( 'NONE',  ( 0.3249999999999974576, 0.000000000000000000, 0.7250000000000011990 ) ) ;
#2692 = VECTOR ( 'NONE', #2548, 1000.000000000000000 ) ;
#2693 = LINE ( 'NONE', #997, #744 ) ;
#2694 = ORIENTED_EDGE ( 'NONE', *, *, #1247, .T. ) ;
#2695 = DIRECTION ( 'NONE',  ( -0.000000000000000000, -1.000000000000000000, 0.000000000000000000 ) ) ;
#2696 = ORIENTED_EDGE ( 'NONE', *, *, #1641, .T. ) ;
#2697 = CARTESIAN_POINT ( 'NONE',  ( 1.000000000000002665, 0.000000000000000000, -0.7749999999999956923 ) ) ;
#2698 = VECTOR ( 'NONE', #1677, 1000.000000000000000 ) ;
#2699 = CARTESIAN_POINT ( 'NONE',  ( 0.7249999999999980904, 0.05000000000000000278, 0.5250000000000032419 ) ) ;
#2700 = DIRECTION ( 'NONE',  ( 1.914459997046036140E-15, 0.000000000000000000, -1.000000000000000000 ) ) ;
#2701 = LINE ( 'NONE', #1199, #1886 ) ;
#2702 = PLANE ( 'NONE',  #1508 ) ;
#2703 = EDGE_CURVE ( 'NONE', #2533, #2395, #1061, .T. ) ;
#2704 = LINE ( 'NONE', #2516, #149 ) ;
#2705 = ORIENTED_EDGE ( 'NONE', *, *, #2603, .F. ) ;
#2706 = CARTESIAN_POINT ( 'NONE',  ( 0.3249999999999978462, 0.1000000000000000472, 0.6000000000000013101 ) ) ;
#2707 = CARTESIAN_POINT ( 'NONE',  ( -0.7249999999999999778, 0.1000000000000000056, -1.663962232672867938E-15 ) ) ;
#2708 = ORIENTED_EDGE ( 'NONE', *, *, #1628, .T. ) ;
#2709 = EDGE_CURVE ( 'NONE', #166, #2562, #1947, .T. ) ;
#2710 = DIRECTION ( 'NONE',  ( -0.000000000000000000, -1.000000000000000000, -0.000000000000000000 ) ) ;
#2711 = ORIENTED_EDGE ( 'NONE', *, *, #280, .T. ) ;
#2712 = DIRECTION ( 'NONE',  ( 0.000000000000000000, -1.000000000000000000, 0.000000000000000000 ) ) ;
#2713 = CARTESIAN_POINT ( 'NONE',  ( -0.3249999999999980127, 0.1000000000000000472, -0.5250000000000007994 ) ) ;
#2714 = CIRCLE ( 'NONE', #2135, 0.1249999999999996808 ) ;
#2715 = EDGE_CURVE ( 'NONE', #526, #2277, #473, .T. ) ;
#2716 = VECTOR ( 'NONE', #404, 1000.000000000000000 ) ;
#2717 = PLANE ( 'NONE',  #1063 ) ;
#2718 = ORIENTED_EDGE ( 'NONE', *, *, #2762, .T. ) ;
#2719 = AXIS2_PLACEMENT_3D ( 'NONE', #2758, #1065, #2350 ) ;
#2720 = EDGE_CURVE ( 'NONE', #224, #1106, #1033, .T. ) ;
#2721 = ORIENTED_EDGE ( 'NONE', *, *, #530, .T. ) ;
#2722 = VECTOR ( 'NONE', #1118, 1000.000000000000000 ) ;
#2723 = AXIS2_PLACEMENT_3D ( 'NONE', #725, #1550, #709 ) ;
#2724 =( NAMED_UNIT ( * ) PLANE_ANGLE_UNIT ( ) SI_UNIT ( $, .RADIAN. ) );
#2725 = ORIENTED_EDGE ( 'NONE', *, *, #2668, .F. ) ;
#2726 = DIRECTION ( 'NONE',  ( -3.491481338843133355E-15, 0.000000000000000000, 1.000000000000000000 ) ) ;
#2727 = DIRECTION ( 'NONE',  ( 1.000000000000000000, 0.000000000000000000, 3.491481338843133355E-15 ) ) ;
#2728 = ADVANCED_FACE ( 'NONE', ( #383 ), #392, .F. ) ;
#2729 = VERTEX_POINT ( 'NONE', #1043 ) ;
#2730 = CARTESIAN_POINT ( 'NONE',  ( 0.7250000000000021982, 0.5716990566028298248, -0.6499999999999970246 ) ) ;
#2731 = ORIENTED_EDGE ( 'NONE', *, *, #691, .T. ) ;
#2732 = AXIS2_PLACEMENT_3D ( 'NONE', #628, #382, #1042 ) ;
#2733 = CARTESIAN_POINT ( 'NONE',  ( -0.3250000000000025091, 0.04999999999999991257, 0.7249999999999990896 ) ) ;
#2734 = CIRCLE ( 'NONE', #334, 0.1249999999999996808 ) ;
#2735 = CLOSED_SHELL ( 'NONE', ( #108, #2564, #399, #1223, #1984, #1573, #4 ) ) ;
#2736 = DIRECTION ( 'NONE',  ( 0.000000000000000000, -1.000000000000000000, 0.000000000000000000 ) ) ;
#2737 = FACE_OUTER_BOUND ( 'NONE', #2215, .T. ) ;
#2738 = VERTEX_POINT ( 'NONE', #2538 ) ;
#2739 = CARTESIAN_POINT ( 'NONE',  ( -1.000000000000002665, 0.1000000000000000056, 0.7749999999999970246 ) ) ;
#2740 = VERTEX_POINT ( 'NONE', #618 ) ;
#2741 = LINE ( 'NONE', #1663, #1462 ) ;
#2742 = AXIS2_PLACEMENT_3D ( 'NONE', #39, #1126, #1320 ) ;
#2743 = LINE ( 'NONE', #847, #800 ) ;
#2744 = AXIS2_PLACEMENT_3D ( 'NONE', #50, #2605, #682 ) ;
#2745 = DIRECTION ( 'NONE',  ( 0.000000000000000000, -1.000000000000000000, 0.000000000000000000 ) ) ;
#2746 = DIRECTION ( 'NONE',  ( 1.000000000000000000, 0.000000000000000000, 3.491481338843133355E-15 ) ) ;
#2747 = ORIENTED_EDGE ( 'NONE', *, *, #2025, .F. ) ;
#2748 = VECTOR ( 'NONE', #1013, 1000.000000000000000 ) ;
#2749 = AXIS2_PLACEMENT_3D ( 'NONE', #2494, #602, #2770 ) ;
#2750 = EDGE_CURVE ( 'NONE', #83, #1579, #418, .T. ) ;
#2751 = CARTESIAN_POINT ( 'NONE',  ( 0.9999999999999965583, 0.05000000000000000278, 1.000000000000003553 ) ) ;
#2752 = FACE_OUTER_BOUND ( 'NONE', #2200, .T. ) ;
#2753 = VECTOR ( 'NONE', #1934, 1000.000000000000000 ) ;
#2754 = ORIENTED_EDGE ( 'NONE', *, *, #1412, .F. ) ;
#2755 = CARTESIAN_POINT ( 'NONE',  ( -0.7322777255331893720, 0.4500000000000000666, -0.7156693573399769415 ) ) ;
#2756 = ORIENTED_EDGE ( 'NONE', *, *, #129, .F. ) ;
#2757 = EDGE_CURVE ( 'NONE', #1660, #1274, #1259, .T. ) ;
#2758 = CARTESIAN_POINT ( 'NONE',  ( -0.7249999999999976463, 0.05000000000000000278, -0.6500000000000015765 ) ) ;
#2759 = VECTOR ( 'NONE', #1364, 1000.000000000000000 ) ;
#2760 = CARTESIAN_POINT ( 'NONE',  ( 0.7249999999999999778, 0.1000000000000000056, 2.965004839655473062E-15 ) ) ;
#2761 = ORIENTED_EDGE ( 'NONE', *, *, #574, .T. ) ;
#2762 = EDGE_CURVE ( 'NONE', #2670, #2049, #1778, .T. ) ;
#2763 = DIRECTION ( 'NONE',  ( -1.000000000000000000, 0.000000000000000000, -3.491481338843133355E-15 ) ) ;
#2764 = CYLINDRICAL_SURFACE ( 'NONE', #181, 0.1249999999999996808 ) ;
#2765 = ORIENTED_EDGE ( 'NONE', *, *, #761, .T. ) ;
#2766 = DIRECTION ( 'NONE',  ( 1.000000000000000000, 0.000000000000000000, 3.491481338843133355E-15 ) ) ;
#2767 = ORIENTED_EDGE ( 'NONE', *, *, #1544, .T. ) ;
#2768 = CARTESIAN_POINT ( 'NONE',  ( 1.000000000000000444, 0.1000000000000000056, -0.1249999999999957534 ) ) ;
#2769 = DIRECTION ( 'NONE',  ( -1.000000000000000000, 0.000000000000000000, -3.491481338843133355E-15 ) ) ;
#2770 = DIRECTION ( 'NONE',  ( -0.7071067811865515695, 0.000000000000000000, 0.7071067811865435759 ) ) ;
#2771 = ORIENTED_EDGE ( 'NONE', *, *, #1394, .T. ) ;
#2772 = FACE_OUTER_BOUND ( 'NONE', #2061, .T. ) ;
#2773 = CARTESIAN_POINT ( 'NONE',  ( -0.1249999999999966138, 0.1000000000000000472, -0.7250000000000000888 ) ) ;
#2774 = ORIENTED_EDGE ( 'NONE', *, *, #1149, .T. ) ;
ENDSEC;
END-ISO-10303-21;
